State,Arrival_Date,Min Price,Max Price,Modal Price
Andhra Pradesh,2014-01-01,5150.0,5330.0,5240.0
Andhra Pradesh,2014-01-02,5000.0,5200.0,5100.0
Andhra Pradesh,2014-01-03,4800.0,5000.0,4900.0
Andhra Pradesh,2014-01-04,4900.0,5100.0,5000.0
Andhra Pradesh,2014-01-05,4966.666666666667,5166.666666666667,5066.666666666667
Andhra Pradesh,2014-01-06,4900.0,5100.0,5000.0
Andhra Pradesh,2014-01-07,5216.666666666667,5416.666666666667,5316.666666666667
Andhra Pradesh,2014-01-08,5316.666666666667,5550.0,5416.666666666667
Andhra Pradesh,2014-01-09,6025.0,6225.0,6125.0
Andhra Pradesh,2014-01-10,5460.0,5660.0,5560.0
Andhra Pradesh,2014-01-11,5783.333333333333,6016.666666666667,5900.0
Andhra Pradesh,2014-01-12,5933.333333333333,6133.333333333333,6033.333333333333
Andhra Pradesh,2014-01-13,5562.5,5737.5,5650.0
Andhra Pradesh,2014-01-14,5370.0,5550.0,5460.0
Andhra Pradesh,2014-01-15,5370.0,5570.0,5470.0
Andhra Pradesh,2014-01-16,5120.0,5340.0,5220.0
Andhra Pradesh,2014-01-17,4866.666666666667,5100.0,4983.333333333333
Andhra Pradesh,2014-01-18,4742.857142857143,4971.428571428572,4857.142857142857
Andhra Pradesh,2014-01-19,4950.0,5150.0,5050.0
Andhra Pradesh,2014-01-20,4933.333333333333,5133.333333333333,5033.333333333333
Andhra Pradesh,2014-01-21,4950.0,5133.333333333333,5033.333333333333
Andhra Pradesh,2014-01-22,4933.333333333333,5133.333333333333,5033.333333333333
Andhra Pradesh,2014-01-23,4660.0,4880.0,4760.0
Andhra Pradesh,2014-01-24,4975.0,5175.0,5075.0
Andhra Pradesh,2014-01-25,4958.333333333333,5158.333333333333,5058.333333333333
Andhra Pradesh,2014-01-26,4975.0,5175.0,5075.0
Andhra Pradesh,2014-01-27,4941.666666666667,5141.666666666667,5041.666666666667
Andhra Pradesh,2014-01-28,5008.333333333333,5225.0,5108.333333333333
Andhra Pradesh,2014-01-29,4880.0,5080.0,4980.0
Andhra Pradesh,2014-01-30,4940.0,5120.0,5030.0
Andhra Pradesh,2014-01-31,4940.0,5120.0,5030.0
Andhra Pradesh,2014-02-01,5125.0,5291.666666666667,5208.333333333333
Andhra Pradesh,2014-02-02,5060.0,5260.0,5160.0
Andhra Pradesh,2014-02-03,4783.333333333333,4983.333333333333,4883.333333333333
Andhra Pradesh,2014-02-04,4900.0,5100.0,5000.0
Andhra Pradesh,2014-02-05,5050.0,5250.0,5150.0
Andhra Pradesh,2014-02-06,4850.0,5050.0,4950.0
Andhra Pradesh,2014-02-07,5220.0,5460.0,5340.0
Andhra Pradesh,2014-02-08,5460.0,5660.0,5560.0
Andhra Pradesh,2014-02-09,5860.0,6060.0,5960.0
Andhra Pradesh,2014-02-10,5720.0,5960.0,5840.0
Andhra Pradesh,2014-02-11,5783.333333333333,6016.666666666667,5900.0
Andhra Pradesh,2014-02-12,5716.666666666667,5916.666666666667,5816.666666666667
Andhra Pradesh,2014-02-13,4800.0,5000.0,4900.0
Andhra Pradesh,2014-02-14,4800.0,5000.0,4900.0
Andhra Pradesh,2014-02-15,4816.666666666667,5016.666666666667,4916.666666666667
Andhra Pradesh,2014-02-16,4816.666666666667,5000.0,4908.333333333333
Andhra Pradesh,2014-02-17,4825.0,5000.0,4912.5
Andhra Pradesh,2014-02-18,4816.666666666667,5016.666666666667,4916.666666666667
Andhra Pradesh,2014-02-19,4800.0,5000.0,4900.0
Andhra Pradesh,2014-02-20,4760.0,4960.0,4860.0
Andhra Pradesh,2014-02-21,4760.0,4960.0,4860.0
Andhra Pradesh,2014-02-22,4780.0,4980.0,4880.0
Andhra Pradesh,2014-02-23,4800.0,5000.0,4900.0
Andhra Pradesh,2014-02-24,4960.0,5160.0,5060.0
Andhra Pradesh,2014-02-25,5000.0,5180.0,5090.0
Andhra Pradesh,2014-02-26,4780.0,4980.0,4880.0
Andhra Pradesh,2014-02-27,4800.0,5000.0,4900.0
Andhra Pradesh,2014-02-28,4800.0,5000.0,4900.0
Andhra Pradesh,2014-03-01,5130.0,5310.0,5220.0
Andhra Pradesh,2014-03-02,4983.333333333333,5183.333333333333,5083.333333333333
Andhra Pradesh,2014-03-03,4783.333333333333,4983.333333333333,4883.333333333333
Andhra Pradesh,2014-03-04,4880.0,5060.0,4970.0
Andhra Pradesh,2014-03-05,4980.0,5160.0,5060.0
Andhra Pradesh,2014-03-06,4850.0,5050.0,4950.0
Andhra Pradesh,2014-03-07,5200.0,5420.0,5320.0
Andhra Pradesh,2014-03-08,5300.0,5500.0,5400.0
Andhra Pradesh,2014-03-09,5683.333333333333,5866.666666666667,5775.0
Andhra Pradesh,2014-03-10,5480.0,5680.0,5580.0
Andhra Pradesh,2014-03-11,5680.0,5920.0,5800.0
Andhra Pradesh,2014-03-12,5900.0,6133.333333333333,6016.666666666667
Andhra Pradesh,2014-03-13,4800.0,5000.0,4900.0
Andhra Pradesh,2014-03-14,4916.666666666667,5100.0,5008.333333333333
Andhra Pradesh,2014-03-15,4816.666666666667,5000.0,4908.333333333333
Andhra Pradesh,2014-03-16,4860.0,5040.0,4950.0
Andhra Pradesh,2014-03-17,5000.0,5200.0,5100.0
Andhra Pradesh,2014-03-18,4900.0,5133.333333333333,5016.666666666667
Andhra Pradesh,2014-03-19,4780.0,4980.0,4880.0
Andhra Pradesh,2014-03-20,4800.0,5000.0,4900.0
Andhra Pradesh,2014-03-21,4916.666666666667,5116.666666666667,5016.666666666667
Andhra Pradesh,2014-03-22,4883.333333333333,5083.333333333333,4983.333333333333
Andhra Pradesh,2014-03-23,4980.0,5180.0,5080.0
Andhra Pradesh,2014-03-24,4900.0,5100.0,5000.0
Andhra Pradesh,2014-03-25,4940.0,5140.0,5040.0
Andhra Pradesh,2014-03-26,4950.0,5150.0,5050.0
Andhra Pradesh,2014-03-27,4920.0,5120.0,5020.0
Andhra Pradesh,2014-03-28,4980.0,5180.0,5080.0
Andhra Pradesh,2014-03-29,4980.0,5180.0,5080.0
Andhra Pradesh,2014-03-30,4833.333333333333,5033.333333333333,4933.333333333333
Andhra Pradesh,2014-03-31,4733.333333333333,4933.333333333333,4833.333333333333
Andhra Pradesh,2014-04-01,5083.333333333333,5266.666666666667,5175.0
Andhra Pradesh,2014-04-02,4983.333333333333,5183.333333333333,5083.333333333333
Andhra Pradesh,2014-04-03,4700.0,4900.0,4800.0
Andhra Pradesh,2014-04-04,4880.0,5080.0,4980.0
Andhra Pradesh,2014-04-05,4920.0,5160.0,5040.0
Andhra Pradesh,2014-04-06,4850.0,5050.0,4950.0
Andhra Pradesh,2014-04-07,5220.0,5460.0,5340.0
Andhra Pradesh,2014-04-08,5340.0,5540.0,5440.0
Andhra Pradesh,2014-04-09,5775.0,5950.0,5862.5
Andhra Pradesh,2014-04-10,5625.0,5825.0,5725.0
Andhra Pradesh,2014-04-11,5833.333333333333,6066.666666666667,5950.0
Andhra Pradesh,2014-04-12,5883.333333333333,6116.666666666667,6000.0
Andhra Pradesh,2014-04-13,4880.0,5080.0,4980.0
Andhra Pradesh,2014-04-14,4880.0,5080.0,4980.0
Andhra Pradesh,2014-04-15,4900.0,5100.0,5000.0
Andhra Pradesh,2014-04-16,4916.666666666667,5116.666666666667,5016.666666666667
Andhra Pradesh,2014-04-17,4900.0,5100.0,5000.0
Andhra Pradesh,2014-04-18,4966.666666666667,5166.666666666667,5066.666666666667
Andhra Pradesh,2014-04-19,4880.0,5080.0,4980.0
Andhra Pradesh,2014-04-20,4980.0,5180.0,5080.0
Andhra Pradesh,2014-04-21,4950.0,5150.0,5050.0
Andhra Pradesh,2014-04-22,4950.0,5150.0,5050.0
Andhra Pradesh,2014-04-23,4940.0,5140.0,5040.0
Andhra Pradesh,2014-04-24,4983.333333333333,5183.333333333333,5083.333333333333
Andhra Pradesh,2014-04-25,4940.0,5140.0,5040.0
Andhra Pradesh,2014-04-26,5050.0,5250.0,5150.0
Andhra Pradesh,2014-04-27,5050.0,5250.0,5150.0
Andhra Pradesh,2014-04-28,4983.333333333333,5183.333333333333,5083.333333333333
Andhra Pradesh,2014-04-29,4983.333333333333,5183.333333333333,5083.333333333333
Andhra Pradesh,2014-04-30,4940.0,5160.0,5060.0
Andhra Pradesh,2014-05-01,5083.333333333333,5266.666666666667,5175.0
Andhra Pradesh,2014-05-02,4816.666666666667,5016.666666666667,4916.666666666667
Andhra Pradesh,2014-05-03,4820.0,5020.0,4920.0
Andhra Pradesh,2014-05-04,4880.0,5080.0,4980.0
Andhra Pradesh,2014-05-05,4920.0,5160.0,5040.0
Andhra Pradesh,2014-05-06,5033.333333333333,5233.333333333333,5133.333333333333
Andhra Pradesh,2014-05-07,5028.571428571428,5207.142857142857,5110.714285714285
Andhra Pradesh,2014-05-08,5350.0,5550.0,5450.0
Andhra Pradesh,2014-05-09,5883.333333333333,6066.666666666667,5975.0
Andhra Pradesh,2014-05-10,5440.0,5640.0,5540.0
Andhra Pradesh,2014-05-11,5740.0,5980.0,5860.0
Andhra Pradesh,2014-05-12,5950.0,6150.0,6050.0
Andhra Pradesh,2014-05-13,4910.0,5170.0,5030.0
Andhra Pradesh,2014-05-14,4958.333333333333,5191.666666666667,5075.0
Andhra Pradesh,2014-05-15,4925.0,5175.0,5041.666666666667
Andhra Pradesh,2014-05-16,4910.0,5110.0,5010.0
Andhra Pradesh,2014-05-17,4930.0,5170.0,5050.0
Andhra Pradesh,2014-05-18,4860.0,5060.0,4960.0
Andhra Pradesh,2014-05-19,4880.0,5080.0,4980.0
Andhra Pradesh,2014-05-20,4900.0,5133.333333333333,5016.666666666667
Andhra Pradesh,2014-05-21,4880.0,5120.0,5000.0
Andhra Pradesh,2014-05-22,5025.0,5275.0,5150.0
Andhra Pradesh,2014-05-23,5050.0,5300.0,5175.0
Andhra Pradesh,2014-05-24,4900.0,5140.0,5020.0
Andhra Pradesh,2014-05-25,5000.0,5200.0,5100.0
Andhra Pradesh,2014-05-26,5060.0,5300.0,5180.0
Andhra Pradesh,2014-05-27,5060.0,5300.0,5180.0
Andhra Pradesh,2014-05-28,5025.0,5275.0,5150.0
Andhra Pradesh,2014-05-29,5033.333333333333,5266.666666666667,5150.0
Andhra Pradesh,2014-05-30,5040.0,5280.0,5160.0
Andhra Pradesh,2014-05-31,4866.666666666667,5033.333333333333,4950.0
Andhra Pradesh,2014-06-01,5116.666666666667,5300.0,5208.333333333333
Andhra Pradesh,2014-06-02,4814.285714285715,5028.571428571428,4914.285714285715
Andhra Pradesh,2014-06-03,4720.0,4920.0,4820.0
Andhra Pradesh,2014-06-04,4880.0,5080.0,4980.0
Andhra Pradesh,2014-06-05,4940.0,5140.0,5040.0
Andhra Pradesh,2014-06-06,5060.0,5260.0,5160.0
Andhra Pradesh,2014-06-07,5233.333333333333,5433.333333333333,5341.666666666667
Andhra Pradesh,2014-06-08,5380.0,5580.0,5480.0
Andhra Pradesh,2014-06-09,5966.666666666667,6150.0,6058.333333333333
Andhra Pradesh,2014-06-10,5460.0,5660.0,5560.0
Andhra Pradesh,2014-06-11,5900.0,6133.333333333333,6016.666666666667
Andhra Pradesh,2014-06-12,5900.0,6133.333333333333,6016.666666666667
Andhra Pradesh,2014-06-13,5250.0,5500.0,5375.0
Andhra Pradesh,2014-06-14,5340.0,5580.0,5460.0
Andhra Pradesh,2014-06-15,5325.0,5525.0,5425.0
Andhra Pradesh,2014-06-16,5300.0,5540.0,5420.0
Andhra Pradesh,2014-06-17,5280.0,5480.0,5380.0
Andhra Pradesh,2014-06-18,5340.0,5540.0,5440.0
Andhra Pradesh,2014-06-19,5350.0,5600.0,5475.0
Andhra Pradesh,2014-06-20,5380.0,5560.0,5470.0
Andhra Pradesh,2014-06-21,5400.0,5575.0,5487.5
Andhra Pradesh,2014-06-22,5320.0,5500.0,5410.0
Andhra Pradesh,2014-06-23,5350.0,5533.333333333333,5441.666666666667
Andhra Pradesh,2014-06-24,5480.0,5660.0,5570.0
Andhra Pradesh,2014-06-25,5400.0,5583.333333333333,5491.666666666667
Andhra Pradesh,2014-06-26,5383.333333333333,5566.666666666667,5475.0
Andhra Pradesh,2014-06-27,5400.0,5580.0,5490.0
Andhra Pradesh,2014-06-28,5383.333333333333,5566.666666666667,5475.0
Andhra Pradesh,2014-06-29,5316.666666666667,5500.0,5408.333333333333
Andhra Pradesh,2014-06-30,5316.666666666667,5500.0,5408.333333333333
Andhra Pradesh,2014-07-01,5100.0,5283.333333333333,5175.0
Andhra Pradesh,2014-07-02,4860.0,5080.0,4960.0
Andhra Pradesh,2014-07-03,4766.666666666667,4966.666666666667,4866.666666666667
Andhra Pradesh,2014-07-04,4900.0,5100.0,5000.0
Andhra Pradesh,2014-07-05,4910.0,5150.0,5030.0
Andhra Pradesh,2014-07-06,5066.666666666667,5266.666666666667,5166.666666666667
Andhra Pradesh,2014-07-07,5220.0,5400.0,5310.0
Andhra Pradesh,2014-07-08,5580.0,5780.0,5680.0
Andhra Pradesh,2014-07-09,5916.666666666667,6141.666666666667,6037.5
Andhra Pradesh,2014-07-10,5800.0,6033.333333333333,5916.666666666667
Andhra Pradesh,2014-07-11,5716.666666666667,5900.0,5808.333333333333
Andhra Pradesh,2014-07-12,5800.0,6040.0,5920.0
Andhra Pradesh,2014-07-13,5260.0,5460.0,5360.0
Andhra Pradesh,2014-07-14,5260.0,5460.0,5360.0
Andhra Pradesh,2014-07-15,5260.0,5460.0,5360.0
Andhra Pradesh,2014-07-16,5280.0,5480.0,5380.0
Andhra Pradesh,2014-07-17,5266.666666666667,5466.666666666667,5366.666666666667
Andhra Pradesh,2014-07-18,5266.666666666667,5466.666666666667,5366.666666666667
Andhra Pradesh,2014-07-19,5283.333333333333,5483.333333333333,5383.333333333333
Andhra Pradesh,2014-07-20,5266.666666666667,5500.0,5383.333333333333
Andhra Pradesh,2014-07-21,5225.0,5425.0,5325.0
Andhra Pradesh,2014-07-22,5260.0,5460.0,5360.0
Andhra Pradesh,2014-07-23,5300.0,5500.0,5400.0
Andhra Pradesh,2014-07-24,5320.0,5520.0,5420.0
Andhra Pradesh,2014-07-25,5275.0,5475.0,5375.0
Andhra Pradesh,2014-07-26,5300.0,5500.0,5400.0
Andhra Pradesh,2014-07-27,5300.0,5540.0,5420.0
Andhra Pradesh,2014-07-28,5380.0,5580.0,5480.0
Andhra Pradesh,2014-07-29,5266.666666666667,5466.666666666667,5366.666666666667
Andhra Pradesh,2014-07-30,5266.666666666667,5466.666666666667,5366.666666666667
Andhra Pradesh,2014-07-31,5316.666666666667,5516.666666666667,5416.666666666667
Andhra Pradesh,2014-08-01,5160.0,5360.0,5260.0
Andhra Pradesh,2014-08-02,4820.0,5040.0,4920.0
Andhra Pradesh,2014-08-03,4850.0,5050.0,4950.0
Andhra Pradesh,2014-08-04,4900.0,5100.0,5000.0
Andhra Pradesh,2014-08-05,4910.0,5150.0,5030.0
Andhra Pradesh,2014-08-06,5050.0,5250.0,5150.0
Andhra Pradesh,2014-08-07,5283.333333333333,5483.333333333333,5383.333333333333
Andhra Pradesh,2014-08-08,5033.333333333333,5233.333333333333,5133.333333333333
Andhra Pradesh,2014-08-09,5960.0,6170.0,6065.0
Andhra Pradesh,2014-08-10,5800.0,6033.333333333333,5916.666666666667
Andhra Pradesh,2014-08-11,5666.666666666667,5833.333333333333,5750.0
Andhra Pradesh,2014-08-12,5820.0,6060.0,5940.0
Andhra Pradesh,2014-08-13,5533.333333333333,5750.0,5650.0
Andhra Pradesh,2014-08-14,5533.333333333333,5733.333333333333,5633.333333333333
Andhra Pradesh,2014-08-15,5560.0,5760.0,5660.0
Andhra Pradesh,2014-08-16,5500.0,5700.0,5600.0
Andhra Pradesh,2014-08-17,5600.0,5800.0,5700.0
Andhra Pradesh,2014-08-18,6200.0,6400.0,6300.0
Andhra Pradesh,2014-08-19,5600.0,5800.0,5700.0
Andhra Pradesh,2014-08-20,5580.0,5780.0,5680.0
Andhra Pradesh,2014-08-21,5760.0,5960.0,5860.0
Andhra Pradesh,2014-08-22,5666.666666666667,5866.666666666667,5766.666666666667
Andhra Pradesh,2014-08-23,5760.0,5960.0,5860.0
Andhra Pradesh,2014-08-24,5600.0,5800.0,5700.0
Andhra Pradesh,2014-08-25,5700.0,5900.0,5800.0
Andhra Pradesh,2014-08-26,6266.666666666667,6433.333333333333,6350.0
Andhra Pradesh,2014-08-27,5766.666666666667,5950.0,5858.333333333333
Andhra Pradesh,2014-08-28,5905.0,6080.0,5990.0
Andhra Pradesh,2014-08-29,5845.0,6020.0,5930.0
Andhra Pradesh,2014-08-30,5956.25,6175.0,6062.5
Andhra Pradesh,2014-08-31,5845.0,6020.0,5930.0
Andhra Pradesh,2014-09-01,5360.0,5560.0,5460.0
Andhra Pradesh,2014-09-02,4860.0,5080.0,4960.0
Andhra Pradesh,2014-09-03,4850.0,5050.0,4950.0
Andhra Pradesh,2014-09-04,4880.0,5080.0,4980.0
Andhra Pradesh,2014-09-05,4970.0,5160.0,5060.0
Andhra Pradesh,2014-09-06,5080.0,5280.0,5180.0
Andhra Pradesh,2014-09-07,5283.333333333333,5483.333333333333,5383.333333333333
Andhra Pradesh,2014-09-08,5560.0,5760.0,5660.0
Andhra Pradesh,2014-09-09,6020.0,6230.0,6125.0
Andhra Pradesh,2014-09-10,5480.0,5680.0,5580.0
Andhra Pradesh,2014-09-11,5920.0,6140.0,6030.0
Andhra Pradesh,2014-09-12,5960.0,6200.0,6080.0
Andhra Pradesh,2014-09-13,6040.0,6210.0,6125.0
Andhra Pradesh,2014-09-14,6025.0,6187.5,6106.25
Andhra Pradesh,2014-09-15,6020.0,6190.0,6105.0
Andhra Pradesh,2014-09-16,6000.0,6170.0,6085.0
Andhra Pradesh,2014-09-17,6020.0,6190.0,6105.0
Andhra Pradesh,2014-09-18,6000.0,6170.0,6085.0
Andhra Pradesh,2014-09-19,6080.0,6250.0,6165.0
Andhra Pradesh,2014-09-20,6060.0,6230.0,6145.0
Andhra Pradesh,2014-09-21,6100.0,6290.0,6205.0
Andhra Pradesh,2014-09-22,6035.0,6205.0,6120.0
Andhra Pradesh,2014-09-23,5950.0,6125.0,6037.5
Andhra Pradesh,2014-09-24,5475.0,5650.0,5562.5
Andhra Pradesh,2014-09-25,5750.0,5933.333333333333,5841.666666666667
Andhra Pradesh,2014-09-26,5420.0,5600.0,5510.0
Andhra Pradesh,2014-09-27,5740.0,6000.0,5830.0
Andhra Pradesh,2014-09-28,5650.0,5825.0,5737.5
Andhra Pradesh,2014-09-29,5625.0,5800.0,5712.5
Andhra Pradesh,2014-09-30,5650.0,5825.0,5737.5
Andhra Pradesh,2014-10-01,5100.0,5300.0,5200.0
Andhra Pradesh,2014-10-02,4883.333333333333,5100.0,4983.333333333333
Andhra Pradesh,2014-10-03,4680.0,4880.0,4780.0
Andhra Pradesh,2014-10-04,4940.0,5160.0,5060.0
Andhra Pradesh,2014-10-05,4700.0,4890.0,4790.0
Andhra Pradesh,2014-10-06,5100.0,5300.0,5200.0
Andhra Pradesh,2014-10-07,5280.0,5480.0,5380.0
Andhra Pradesh,2014-10-08,5500.0,5700.0,5600.0
Andhra Pradesh,2014-10-09,5980.0,6190.0,6085.0
Andhra Pradesh,2014-10-10,5380.0,5580.0,5480.0
Andhra Pradesh,2014-10-11,5920.0,6140.0,6030.0
Andhra Pradesh,2014-10-12,5854.166666666667,6033.333333333333,5941.666666666667
Andhra Pradesh,2014-10-13,5750.0,5966.666666666667,5858.333333333333
Andhra Pradesh,2014-10-14,5750.0,5966.666666666667,5858.333333333333
Andhra Pradesh,2014-10-15,5816.666666666667,6033.333333333333,5941.5
Andhra Pradesh,2014-10-16,5750.0,5966.666666666667,5858.333333333333
Andhra Pradesh,2014-10-17,5640.0,5860.0,5750.0
Andhra Pradesh,2014-10-18,5420.0,5600.0,5510.0
Andhra Pradesh,2014-10-19,5566.666666666667,5750.0,5658.333333333333
Andhra Pradesh,2014-10-20,5533.333333333333,5716.666666666667,5625.0
Andhra Pradesh,2014-10-21,5700.0,5916.666666666667,5808.333333333333
Andhra Pradesh,2014-10-22,5333.333333333333,5700.0,5516.666666666667
Andhra Pradesh,2014-10-23,5533.333333333333,5733.333333333333,5633.333333333333
Andhra Pradesh,2014-10-24,5400.0,5600.0,5500.0
Andhra Pradesh,2014-10-25,5620.0,5860.0,5740.0
Andhra Pradesh,2014-10-26,5660.0,5860.0,5760.0
Andhra Pradesh,2014-10-27,5660.0,5860.0,5760.0
Andhra Pradesh,2014-10-28,5660.0,5900.0,5780.0
Andhra Pradesh,2014-10-29,5766.666666666667,6000.0,5883.333333333333
Andhra Pradesh,2014-10-30,5660.0,5900.0,5780.0
Andhra Pradesh,2014-10-31,5766.666666666667,6000.0,5883.333333333333
Andhra Pradesh,2014-11-01,5291.666666666667,5491.666666666667,5391.666666666667
Andhra Pradesh,2014-11-02,4760.0,4980.0,4860.0
Andhra Pradesh,2014-11-03,4766.666666666667,4966.666666666667,4866.666666666667
Andhra Pradesh,2014-11-04,4883.333333333333,5083.333333333333,4983.333333333333
Andhra Pradesh,2014-11-05,4940.0,5190.0,5050.0
Andhra Pradesh,2014-11-06,5080.0,5280.0,5180.0
Andhra Pradesh,2014-11-07,5240.0,5440.0,5340.0
Andhra Pradesh,2014-11-08,5540.0,5740.0,5640.0
Andhra Pradesh,2014-11-09,6000.0,6170.0,6085.0
Andhra Pradesh,2014-11-10,5640.0,5860.0,5750.0
Andhra Pradesh,2014-11-11,5800.0,6020.0,5910.0
Andhra Pradesh,2014-11-12,5785.0,6000.0,5890.0
Andhra Pradesh,2014-11-13,5904.166666666667,6083.333333333333,5991.666666666667
Andhra Pradesh,2014-11-14,5937.5,6116.666666666667,6025.0
Andhra Pradesh,2014-11-15,5937.5,6116.666666666667,6025.0
Andhra Pradesh,2014-11-16,5885.0,6060.0,5970.0
Andhra Pradesh,2014-11-17,5865.0,6080.0,5970.0
Andhra Pradesh,2014-11-18,5933.333333333333,6116.666666666667,6025.0
Andhra Pradesh,2014-11-19,5920.833333333333,6133.333333333333,6025.0
Andhra Pradesh,2014-11-20,5754.166666666667,5933.333333333333,5841.666666666667
Andhra Pradesh,2014-11-21,5985.0,6160.0,6070.0
Andhra Pradesh,2014-11-22,5900.0,6133.333333333333,6016.666666666667
Andhra Pradesh,2014-11-23,5820.0,6060.0,5940.0
Andhra Pradesh,2014-11-24,5825.0,6075.0,5950.0
Andhra Pradesh,2014-11-25,5620.0,5820.0,5720.0
Andhra Pradesh,2014-11-26,5950.0,6133.333333333333,6050.0
Andhra Pradesh,2014-11-27,5820.0,6020.0,5920.0
Andhra Pradesh,2014-11-28,5966.666666666667,6166.666666666667,6066.666666666667
Andhra Pradesh,2014-11-29,5950.0,6150.0,6050.0
Andhra Pradesh,2014-11-30,6060.0,6260.0,6160.0
Andhra Pradesh,2014-12-01,5370.0,5550.0,5460.0
Andhra Pradesh,2014-12-02,4820.0,5040.0,4920.0
Andhra Pradesh,2014-12-03,4760.0,4960.0,4860.0
Andhra Pradesh,2014-12-04,4820.0,5000.0,4910.0
Andhra Pradesh,2014-12-05,4850.0,5050.0,4950.0
Andhra Pradesh,2014-12-06,5320.0,5560.0,5440.0
Andhra Pradesh,2014-12-07,5220.0,5420.0,5320.0
Andhra Pradesh,2014-12-08,5500.0,5700.0,5600.0
Andhra Pradesh,2014-12-09,6125.0,6287.5,6206.25
Andhra Pradesh,2014-12-10,5240.0,5860.0,5750.0
Andhra Pradesh,2014-12-11,5754.166666666667,5933.333333333333,5841.666666666667
Andhra Pradesh,2014-12-12,5875.0,6075.0,5975.0
Andhra Pradesh,2014-12-13,5875.0,6075.0,5975.0
Andhra Pradesh,2014-12-14,5763.0,5970.0,5865.0
Andhra Pradesh,2014-12-15,5883.333333333333,6091.666666666667,5987.5
Andhra Pradesh,2014-12-16,5720.0,5930.0,5825.0
Andhra Pradesh,2014-12-17,5740.0,5950.0,5845.0
Andhra Pradesh,2014-12-18,5833.333333333333,5983.333333333333,5908.333333333333
Andhra Pradesh,2014-12-19,5775.0,5937.5,5856.25
Andhra Pradesh,2014-12-20,5723.0,5890.0,5805.0
Andhra Pradesh,2014-12-21,5663.0,5870.0,5765.0
Andhra Pradesh,2014-12-22,5643.0,5850.0,5745.0
Andhra Pradesh,2014-12-23,5680.0,5920.0,5800.0
Andhra Pradesh,2014-12-24,5762.5,5937.5,5850.0
Andhra Pradesh,2014-12-25,5866.666666666667,6100.0,5983.333333333333
Andhra Pradesh,2014-12-26,6000.0,6250.0,6125.0
Andhra Pradesh,2014-12-28,5833.333333333333,6100.0,5966.666666666667
Andhra Pradesh,2014-12-29,5680.0,5920.0,5800.0
Andhra Pradesh,2014-12-30,5680.0,5920.0,5800.0
Andhra Pradesh,2014-12-31,5683.333333333333,5883.333333333333,5783.333333333333
Andhra Pradesh,2015-01-01,5550.0,5750.0,5650.0
Andhra Pradesh,2015-01-02,5725.0,5940.0,5830.0
Andhra Pradesh,2015-01-13,5725.0,5940.0,5830.0
Andhra Pradesh,2015-01-14,5720.0,5930.0,5825.0
Andhra Pradesh,2015-01-15,5687.5,5900.0,5791.666666666667
Andhra Pradesh,2015-01-16,5700.0,5908.333333333333,5804.166666666667
Andhra Pradesh,2015-01-17,5683.333333333333,5916.666666666667,5800.0
Andhra Pradesh,2015-01-18,5716.666666666667,5950.0,5833.333333333333
Andhra Pradesh,2015-01-19,5700.0,5920.0,5810.0
Andhra Pradesh,2015-01-20,5760.0,5960.0,5860.0
Andhra Pradesh,2015-01-21,5750.0,5950.0,5850.0
Andhra Pradesh,2015-01-22,5720.0,5960.0,5840.0
Andhra Pradesh,2015-01-23,5745.0,5920.0,5830.0
Andhra Pradesh,2015-01-24,5800.0,5966.666666666667,5883.333333333333
Andhra Pradesh,2015-01-25,5800.0,6000.0,5900.0
Andhra Pradesh,2015-01-26,5300.0,5500.0,5400.0
Andhra Pradesh,2015-01-27,5720.0,5960.0,5840.0
Andhra Pradesh,2015-01-28,5740.0,5940.0,5840.0
Andhra Pradesh,2015-01-29,5680.0,5940.0,5820.0
Andhra Pradesh,2015-01-30,5800.0,6050.0,5925.0
Andhra Pradesh,2015-01-31,5766.666666666667,5966.666666666667,5866.666666666667
Andhra Pradesh,2015-02-01,5680.0,5920.0,5800.0
Andhra Pradesh,2015-02-02,5720.0,5930.0,5825.0
Andhra Pradesh,2015-03-01,5700.0,5900.0,5800.0
Andhra Pradesh,2015-03-02,5720.0,5940.0,5830.0
Andhra Pradesh,2015-04-01,5775.0,5937.5,5856.25
Andhra Pradesh,2015-04-02,5720.0,5900.0,5810.0
Andhra Pradesh,2015-05-01,5720.0,5890.0,5805.0
Andhra Pradesh,2015-05-02,5720.0,5940.0,5830.0
Andhra Pradesh,2015-06-01,5720.0,5890.0,5805.0
Andhra Pradesh,2015-06-02,5720.0,5950.0,5840.0
Andhra Pradesh,2015-07-01,5720.0,5890.0,5805.0
Andhra Pradesh,2015-07-02,5710.0,5930.0,5820.0
Andhra Pradesh,2015-08-01,5720.0,5920.0,5820.0
Andhra Pradesh,2015-08-02,5700.0,5940.0,5820.0
Andhra Pradesh,2015-09-01,5816.666666666667,6016.666666666667,5916.666666666667
Andhra Pradesh,2015-09-02,5740.0,5940.0,5840.0
Andhra Pradesh,2015-10-01,5680.0,5920.0,5800.0
Andhra Pradesh,2015-10-02,5600.0,5800.0,5700.0
Andhra Pradesh,2015-11-01,5660.0,5840.0,5745.0
Andhra Pradesh,2015-12-01,5660.0,5840.0,5745.0
Chattisgarh,2014-02-24,3000.0,3000.0,3000.0
Chattisgarh,2014-03-31,2000.0,2000.0,2000.0
Chattisgarh,2014-07-11,4000.0,4000.0,4000.0
Chattisgarh,2014-09-29,6000.0,6000.0,6000.0
Chattisgarh,2014-10-31,4100.0,4100.0,4100.0
Chattisgarh,2014-11-21,4050.0,4050.0,4050.0
Chattisgarh,2014-11-27,4050.0,4050.0,4050.0
Chattisgarh,2015-01-31,3000.0,3000.0,3000.0
Gujarat,2014-01-01,3765.714285714286,4459.285714285715,3748.285714285714
Gujarat,2014-01-02,3706.6666666666665,4389.166666666667,4191.333333333333
Gujarat,2014-01-03,3566.6666666666665,4278.333333333333,3931.0
Gujarat,2014-01-04,4000.0,4355.0,4100.0
Gujarat,2014-01-05,4551.666666666667,5568.333333333333,5410.0
Gujarat,2014-01-06,4100.0,4465.0,4282.0
Gujarat,2014-01-07,4175.0,4882.307692307692,4632.307692307692
Gujarat,2014-01-08,4366.818181818182,5160.909090909091,4907.272727272727
Gujarat,2014-01-09,4203.181818181818,4892.272727272727,4630.909090909091
Gujarat,2014-01-10,4186.428571428572,4916.428571428572,4775.714285714285
Gujarat,2014-01-11,4038.75,5152.5,4965.0
Gujarat,2014-01-12,3944.0,4649.0,4524.4
Gujarat,2014-01-13,3720.0,4570.0,4394.6
Gujarat,2014-01-15,3530.0,3983.0,3732.0
Gujarat,2014-01-16,3462.0,4072.0,3759.0
Gujarat,2014-01-17,3756.6666666666665,4613.333333333333,4373.333333333333
Gujarat,2014-01-18,3995.0,4781.0,4607.6
Gujarat,2014-01-20,3809.1666666666665,4602.5,4357.166666666667
Gujarat,2014-01-21,3288.75,3840.0,3610.0
Gujarat,2014-01-22,4257.5,5001.25,4918.75
Gujarat,2014-01-23,4176.666666666667,5365.0,5171.0
Gujarat,2014-01-24,3566.0,3960.0,3747.6
Gujarat,2014-01-25,3941.0,4824.0,4584.0
Gujarat,2014-01-27,4092.0,4858.0,4696.0
Gujarat,2014-01-28,3555.0,4371.25,3922.75
Gujarat,2014-01-29,3820.0,4635.833333333333,4369.166666666667
Gujarat,2014-01-30,3750.0,4333.75,4126.25
Gujarat,2014-01-31,3640.8333333333335,3976.6666666666665,3791.6666666666665
Gujarat,2014-02-01,3715.0,4396.428571428572,4236.428571428572
Gujarat,2014-02-04,4625.0,5975.0,5850.0
Gujarat,2014-02-05,4301.666666666667,5503.333333333333,5268.333333333333
Gujarat,2014-02-06,3870.625,4600.625,4452.5
Gujarat,2014-02-07,4072.0833333333335,4943.75,4726.833333333333
Gujarat,2014-02-08,4355.625,5138.75,4902.5
Gujarat,2014-02-09,4117.692307692308,5106.538461538462,4798.461538461538
Gujarat,2014-02-10,4641.666666666667,5608.333333333333,5516.666666666667
Gujarat,2014-02-12,3841.6666666666665,4321.666666666667,4136.666666666667
Gujarat,2014-02-13,3849.0,4455.0,4390.0
Gujarat,2014-02-14,4103.75,5026.25,4821.25
Gujarat,2014-02-15,3903.0,4578.0,4460.6
Gujarat,2014-02-17,3810.0,4626.666666666667,4425.833333333333
Gujarat,2014-02-18,3945.0,4864.0,4612.6
Gujarat,2014-02-19,3759.1666666666665,4517.5,4341.666666666667
Gujarat,2014-02-20,3863.3333333333335,4823.333333333333,4430.833333333333
Gujarat,2014-02-21,3956.0,4771.0,4523.0
Gujarat,2014-02-22,3763.0,4559.0,4396.6
Gujarat,2014-02-24,3786.0,4952.0,4559.0
Gujarat,2014-02-25,3706.6666666666665,4553.333333333333,4329.666666666667
Gujarat,2014-02-26,3531.25,4191.25,3831.25
Gujarat,2014-02-28,3562.5,4252.5,3872.0
Gujarat,2014-03-01,3728.5714285714284,4502.857142857143,4312.142857142857
Gujarat,2014-03-02,3781.6666666666665,4688.333333333333,4411.666666666667
Gujarat,2014-03-03,3981.25,4922.5,4730.0
Gujarat,2014-03-04,3927.5,4452.5,4290.0
Gujarat,2014-03-05,3695.0,4617.5,4271.25
Gujarat,2014-03-06,3983.125,4606.25,4472.5
Gujarat,2014-03-07,4259.642857142857,4968.571428571428,4736.428571428572
Gujarat,2014-03-09,4435.0,5129.545454545455,4933.909090909091
Gujarat,2014-03-10,4500.0,5800.0,5700.0
Gujarat,2014-03-11,4335.0,5443.333333333333,5316.666666666667
Gujarat,2014-03-12,4067.5,5083.75,4880.75
Gujarat,2014-03-13,3967.5,4735.0,4592.5
Gujarat,2014-03-14,3318.75,3820.0,3608.75
Gujarat,2014-03-15,3850.0,4360.0,4175.0
Gujarat,2014-03-18,3971.25,4920.0,4720.0
Gujarat,2014-03-19,3881.25,4873.75,4642.5
Gujarat,2014-03-20,3652.0,4179.0,3901.0
Gujarat,2014-03-21,4014.0,4877.0,4618.0
Gujarat,2014-03-22,3775.0,4230.0,4028.75
Gujarat,2014-03-24,3961.0,4780.0,4610.0
Gujarat,2014-03-25,3730.0,4405.0,3830.0
Gujarat,2014-03-26,4156.25,4957.5,4905.0
Gujarat,2014-03-28,5000.0,7200.0,7200.0
Gujarat,2014-03-29,5000.0,7200.0,7200.0
Gujarat,2014-03-31,4000.0,5205.0,5050.0
Gujarat,2014-04-01,3776.4285714285716,4457.857142857143,4302.142857142857
Gujarat,2014-04-02,3619.4444444444443,4210.0,4034.4444444444443
Gujarat,2014-04-03,4026.25,4765.0,4683.25
Gujarat,2014-04-04,4038.75,4716.25,4679.5
Gujarat,2014-04-06,3952.1428571428573,4719.285714285715,4525.0
Gujarat,2014-04-07,4192.142857142857,5274.285714285715,5004.0
Gujarat,2014-04-08,4450.555555555556,5409.444444444444,5114.444444444444
Gujarat,2014-04-09,4299.615384615385,4973.076923076923,4781.153846153846
Gujarat,2014-04-10,4235.714285714285,4912.142857142857,4710.714285714285
Gujarat,2014-04-11,3983.3333333333335,5216.666666666667,4991.666666666667
Gujarat,2014-04-12,4359.0,5031.0,4904.0
Gujarat,2014-04-14,4051.25,4927.5,4845.0
Gujarat,2014-04-15,3500.0,4005.0,3850.0
Gujarat,2014-04-16,4191.666666666667,5176.666666666667,5108.333333333333
Gujarat,2014-04-18,4126.25,4868.75,4800.75
Gujarat,2014-04-19,4376.666666666667,5266.666666666667,5201.666666666667
Gujarat,2014-04-21,4208.333333333333,5268.333333333333,5100.0
Gujarat,2014-04-22,4101.25,5022.5,4838.75
Gujarat,2014-04-23,4385.0,5418.333333333333,5293.333333333333
Gujarat,2014-04-24,4232.5,5201.25,5095.0
Gujarat,2014-04-25,3935.0,4578.333333333333,4303.333333333333
Gujarat,2014-04-26,4002.5,4602.5,4365.0
Gujarat,2014-04-28,4257.5,5196.25,5038.75
Gujarat,2014-04-29,4212.0,5112.0,4918.0
Gujarat,2014-05-02,3853.3333333333335,4563.333333333333,4405.5
Gujarat,2014-05-03,3950.0,4663.333333333333,4474.666666666667
Gujarat,2014-05-04,4435.0,5426.666666666667,5243.333333333333
Gujarat,2014-05-05,3973.0,4945.0,4722.6
Gujarat,2014-05-06,3726.0,4254.0,4056.0
Gujarat,2014-05-07,4061.25,4937.916666666667,4682.333333333333
Gujarat,2014-05-08,4362.857142857143,5069.285714285715,4745.571428571428
Gujarat,2014-05-09,4073.4615384615386,4776.538461538462,4458.7692307692305
Gujarat,2014-05-11,4127.5,5095.0,4905.0
Gujarat,2014-05-12,3818.75,4350.0,4090.0
Gujarat,2014-05-13,4181.666666666667,4525.0,4415.0
Gujarat,2014-05-14,4012.1428571428573,4687.142857142857,4560.428571428572
Gujarat,2014-05-15,4100.0,4527.5,4375.0
Gujarat,2014-05-16,4135.0,4894.0,4770.0
Gujarat,2014-05-17,3800.0,4295.0,4180.0
Gujarat,2014-05-19,4179.0,5029.0,4744.6
Gujarat,2014-05-20,4178.0,5012.0,4893.0
Gujarat,2014-05-21,3835.0,4421.666666666667,4201.666666666667
Gujarat,2014-05-22,4291.0,5041.0,4931.0
Gujarat,2014-05-23,4310.0,5072.5,4940.0
Gujarat,2014-05-24,4060.0,4608.333333333333,4334.333333333333
Gujarat,2014-05-26,3937.0,4434.0,4273.6
Gujarat,2014-05-27,3920.0,4435.0,4161.25
Gujarat,2014-05-28,4035.0,4930.833333333333,4784.666666666667
Gujarat,2014-05-29,4211.428571428572,4967.857142857143,4771.857142857143
Gujarat,2014-05-30,4051.25,5053.75,4845.0
Gujarat,2014-05-31,4101.0,4604.0,4387.0
Gujarat,2014-06-01,3698.75,4299.375,4158.5
Gujarat,2014-06-02,3522.5,4283.333333333333,4051.3333333333335
Gujarat,2014-06-03,3956.0,4651.0,4535.0
Gujarat,2014-06-05,4256.25,5176.25,5037.5
Gujarat,2014-06-06,3810.8333333333335,4341.666666666667,4145.833333333333
Gujarat,2014-06-07,4500.0,4795.0,4647.0
Gujarat,2014-06-08,4350.333333333333,5104.333333333333,4830.866666666667
Gujarat,2014-06-09,4220.454545454545,4932.727272727273,4627.363636363636
Gujarat,2014-06-10,4451.25,5320.0,5163.75
Gujarat,2014-06-11,3777.5,4302.5,4062.5
Gujarat,2014-06-12,4133.333333333333,5316.666666666667,5151.666666666667
Gujarat,2014-06-13,3727.1428571428573,4367.142857142857,4115.714285714285
Gujarat,2014-06-14,3898.5,4466.0,4341.1
Gujarat,2014-06-16,3848.3333333333335,4628.888888888889,4413.333333333333
Gujarat,2014-06-17,3995.0,4728.5,4563.0
Gujarat,2014-06-18,3890.0,4783.0,4574.8
Gujarat,2014-06-19,3892.2727272727275,4766.818181818182,4425.181818181818
Gujarat,2014-06-20,3785.5555555555557,4804.444444444444,4597.555555555556
Gujarat,2014-06-21,3932.5,4709.0,4476.5
Gujarat,2014-06-23,3879.090909090909,4620.0,4442.454545454545
Gujarat,2014-06-24,3794.4444444444443,4413.888888888889,4211.444444444444
Gujarat,2014-06-25,3986.25,4775.625,4558.375
Gujarat,2014-06-26,4098.181818181818,5013.181818181818,4718.636363636364
Gujarat,2014-06-27,4093.0,5045.0,4766.5
Gujarat,2014-06-28,4036.818181818182,4931.818181818182,4615.0
Gujarat,2014-06-30,3873.125,4756.875,4414.75
Gujarat,2014-07-01,3860.0,4591.666666666667,4383.0
Gujarat,2014-07-02,3726.6666666666665,4487.5,4291.666666666667
Gujarat,2014-07-03,4056.25,4798.75,4727.5
Gujarat,2014-07-04,4293.333333333333,5543.333333333333,5226.666666666667
Gujarat,2014-07-05,4148.0,4982.0,4850.6
Gujarat,2014-07-06,3638.125,4204.375,3996.5
Gujarat,2014-07-07,4208.333333333333,4967.5,4727.916666666667
Gujarat,2014-07-08,4299.0,4955.666666666667,4709.4
Gujarat,2014-07-10,4000.0,4857.5,4633.333333333333
Gujarat,2014-07-11,3950.0,5001.0,4710.0
Gujarat,2014-07-13,4475.0,5055.0,4750.0
Gujarat,2014-07-14,4150.357142857143,4856.071428571428,4634.857142857143
Gujarat,2014-07-15,4120.714285714285,5005.357142857143,4664.071428571428
Gujarat,2014-07-16,4179.0,4905.333333333333,4674.866666666667
Gujarat,2014-07-17,4149.642857142857,4834.285714285715,4576.928571428572
Gujarat,2014-07-18,4505.384615384615,5242.692307692308,5030.538461538462
Gujarat,2014-07-19,4378.571428571428,5123.571428571428,4830.214285714285
Gujarat,2014-07-20,4550.0,5110.0,4825.0
Gujarat,2014-07-21,4414.0625,5112.5,4821.3125
Gujarat,2014-07-22,4570.714285714285,5287.5,5079.642857142857
Gujarat,2014-07-23,4395.0,5162.5,4865.416666666667
Gujarat,2014-07-24,4454.444444444444,5286.111111111111,5166.888888888889
Gujarat,2014-07-25,4536.363636363636,5377.272727272727,5179.545454545455
Gujarat,2014-07-26,4409.444444444444,5467.777777777777,5198.888888888889
Gujarat,2014-07-28,4522.5,5447.5,5236.625
Gujarat,2014-07-29,4595.833333333333,5431.666666666667,5257.5
Gujarat,2014-07-30,4501.071428571428,5153.571428571428,4885.785714285715
Gujarat,2014-07-31,4679.615384615385,5239.2307692307695,5105.384615384615
Gujarat,2014-08-01,3727.8571428571427,4372.857142857143,4212.142857142857
Gujarat,2014-08-02,3695.8333333333335,4465.833333333333,4093.0
Gujarat,2014-08-03,3696.0,4662.0,4431.6
Gujarat,2014-08-04,4351.666666666667,5251.666666666667,5168.333333333333
Gujarat,2014-08-05,4332.5,5128.75,4983.75
Gujarat,2014-08-07,4082.9166666666665,4700.0,4512.25
Gujarat,2014-08-08,4302.916666666667,5184.166666666667,4855.0
Gujarat,2014-08-09,4059.090909090909,4575.909090909091,4382.090909090909
Gujarat,2014-08-10,4420.0,5127.0,5010.0
Gujarat,2014-08-11,3895.0,4450.0,4206.25
Gujarat,2014-08-12,4095.0,4824.166666666667,4585.833333333333
Gujarat,2014-08-13,4363.333333333333,5176.666666666667,4893.333333333333
Gujarat,2014-08-14,4267.5,5075.833333333333,4828.583333333333
Gujarat,2014-08-15,4500.0,5000.0,5000.0
Gujarat,2014-08-16,5000.0,7200.0,7200.0
Gujarat,2014-08-19,3580.0,3950.0,3815.0
Gujarat,2014-08-20,4255.0,4845.0,4550.0
Gujarat,2014-08-21,4225.416666666667,5031.666666666667,4816.25
Gujarat,2014-08-22,4375.357142857143,5262.857142857143,4992.5
Gujarat,2014-08-23,4560.416666666667,5228.75,5049.166666666667
Gujarat,2014-08-25,5000.0,7200.0,7200.0
Gujarat,2014-08-26,4382.692307692308,5060.0,4842.2307692307695
Gujarat,2014-08-27,4388.75,4877.5,4654.166666666667
Gujarat,2014-08-28,4515.555555555556,4995.555555555556,4786.555555555556
Gujarat,2014-08-29,4118.125,4745.625,4526.25
Gujarat,2014-08-30,4676.0,5378.0,5233.0
Gujarat,2014-09-01,3338.3333333333335,3911.6666666666665,3640.0
Gujarat,2014-09-04,4038.75,4903.75,4778.75
Gujarat,2014-09-05,4382.5,5148.75,5082.5
Gujarat,2014-09-06,4125.0,5515.0,5425.0
Gujarat,2014-09-07,4020.0,4781.071428571428,4532.857142857143
Gujarat,2014-09-08,4426.071428571428,5105.357142857143,4893.928571428572
Gujarat,2014-09-09,4229.545454545455,5042.272727272727,4797.0
Gujarat,2014-09-10,4297.5,4826.25,4720.0
Gujarat,2014-09-12,3883.75,4281.875,4066.625
Gujarat,2014-09-13,4098.75,4837.5,4533.75
Gujarat,2014-09-15,4290.0,5119.545454545455,4860.727272727273
Gujarat,2014-09-16,4394.090909090909,5077.272727272727,4861.363636363636
Gujarat,2014-09-17,4343.636363636364,4816.818181818182,4618.636363636364
Gujarat,2014-09-18,4466.25,5096.875,4978.75
Gujarat,2014-09-19,4324.090909090909,5017.727272727273,4825.909090909091
Gujarat,2014-09-20,4313.888888888889,4911.111111111111,4744.666666666667
Gujarat,2014-09-22,4525.0,5043.125,4923.5
Gujarat,2014-09-23,4269.545454545455,4926.818181818182,4743.181818181818
Gujarat,2014-09-24,4309.545454545455,4898.181818181818,4717.727272727273
Gujarat,2014-09-25,4186.428571428572,4647.142857142857,4414.285714285715
Gujarat,2014-09-26,4096.25,4628.75,4418.5
Gujarat,2014-09-27,4209.444444444444,4853.888888888889,4660.555555555556
Gujarat,2014-09-29,4108.333333333333,4727.777777777777,4556.444444444444
Gujarat,2014-09-30,4033.0,4555.0,4298.0
Gujarat,2014-10-01,3650.0,4466.666666666667,4237.5
Gujarat,2014-10-02,3824.1666666666665,4584.166666666667,4423.833333333333
Gujarat,2014-10-03,3836.6666666666665,4525.833333333333,4382.5
Gujarat,2014-10-04,4156.0,4849.0,4682.0
Gujarat,2014-10-05,4396.0,5137.0,4941.0
Gujarat,2014-10-06,3858.5714285714284,4542.857142857143,4402.571428571428
Gujarat,2014-10-07,4125.0,4954.285714285715,4672.5
Gujarat,2014-10-09,4606.0,5234.5,4971.4
Gujarat,2014-10-10,4043.3333333333335,4345.0,4211.666666666667
Gujarat,2014-10-11,3800.8333333333335,4901.666666666667,4650.833333333333
Gujarat,2014-10-12,3942.0,4685.0,4533.4
Gujarat,2014-10-13,4163.0,5181.0,4894.0
Gujarat,2014-10-14,4192.857142857143,4909.285714285715,4747.142857142857
Gujarat,2014-10-15,3916.6666666666665,4386.666666666667,4133.333333333333
Gujarat,2014-10-16,4062.5,4869.166666666667,4678.333333333333
Gujarat,2014-10-17,4797.142857142857,5498.571428571428,5334.714285714285
Gujarat,2014-10-18,4500.0,5225.0,5113.75
Gujarat,2014-10-20,4625.0,5960.0,5842.5
Gujarat,2014-10-21,4562.5,5850.0,5775.0
Gujarat,2014-10-22,5000.0,7200.0,7200.0
Gujarat,2014-10-28,4375.0,5762.5,5619.0
Gujarat,2014-10-29,4402.5,5140.0,5052.5
Gujarat,2014-10-30,4392.5,5637.5,5565.0
Gujarat,2014-10-31,5000.0,7200.0,7200.0
Gujarat,2014-11-01,3658.0,4803.0,4312.6
Gujarat,2014-11-02,3575.0,3765.0,3665.75
Gujarat,2014-11-03,3786.6666666666665,4577.5,4435.833333333333
Gujarat,2014-11-04,3945.0,4946.25,4788.75
Gujarat,2014-11-06,3892.777777777778,4553.888888888889,4435.333333333333
Gujarat,2014-11-07,4141.333333333333,4891.0,4666.0
Gujarat,2014-11-08,4406.25,5169.375,4994.625
Gujarat,2014-11-09,4016.6666666666665,4635.0,4402.777777777777
Gujarat,2014-11-10,4327.5,5241.25,5037.5
Gujarat,2014-11-11,4162.5,4995.0,4881.25
Gujarat,2014-11-12,4412.5,5262.5,5115.0
Gujarat,2014-11-13,4250.0,5335.0,5166.666666666667
Gujarat,2014-11-14,3901.25,5081.25,4925.0
Gujarat,2014-11-15,4425.0,5775.0,5650.0
Gujarat,2014-11-17,4143.333333333333,4862.5,4714.166666666667
Gujarat,2014-11-18,3765.0,4413.75,4152.5
Gujarat,2014-11-19,3968.75,4875.0,4708.75
Gujarat,2014-11-20,3861.0,4191.0,4047.4
Gujarat,2014-11-21,4168.333333333333,5285.0,5125.0
Gujarat,2014-11-22,3523.3333333333335,4051.6666666666665,3787.3333333333335
Gujarat,2014-11-24,4003.75,4846.25,4711.25
Gujarat,2014-11-25,3613.3333333333335,3996.6666666666665,3820.0
Gujarat,2014-11-26,4250.0,5017.5,4908.75
Gujarat,2014-11-27,4089.0,5022.0,4880.0
Gujarat,2014-11-28,4216.666666666667,5316.666666666667,5201.666666666667
Gujarat,2014-11-29,3932.5,4147.5,4040.0
Gujarat,2014-12-02,3787.5,4528.333333333333,4325.833333333333
Gujarat,2014-12-03,3931.0,4757.0,4591.0
Gujarat,2014-12-04,4241.666666666667,5310.0,5243.333333333333
Gujarat,2014-12-05,4147.857142857143,4822.142857142857,4642.571428571428
Gujarat,2014-12-06,3948.8888888888887,4573.333333333333,4411.444444444444
Gujarat,2014-12-07,4274.166666666667,5156.666666666667,4932.0
Gujarat,2014-12-08,4365.666666666667,5107.0,4852.466666666666
Gujarat,2014-12-09,4392.5,5111.25,4930.375
Gujarat,2014-12-10,5000.0,7200.0,7200.0
Gujarat,2014-12-11,3613.0,4604.0,4267.0
Gujarat,2014-12-12,4121.0,4907.0,4748.0
Gujarat,2014-12-13,3650.0,4111.666666666667,3903.3333333333335
Gujarat,2014-12-15,4245.833333333333,5031.666666666667,4827.5
Gujarat,2014-12-16,3934.1666666666665,4275.0,4106.333333333333
Gujarat,2014-12-17,4218.333333333333,4981.666666666667,4789.166666666667
Gujarat,2014-12-18,4049.1666666666665,4830.0,4647.5
Gujarat,2014-12-19,4260.833333333333,5035.833333333333,4868.833333333333
Gujarat,2014-12-20,4158.333333333333,4827.5,4703.833333333333
Gujarat,2014-12-22,4197.5,4878.333333333333,4705.333333333333
Gujarat,2014-12-23,4376.25,4695.0,4561.25
Gujarat,2014-12-24,4628.333333333333,5791.666666666667,5618.333333333333
Gujarat,2014-12-25,4760.0,5943.333333333333,5858.333333333333
Gujarat,2014-12-26,4404.285714285715,5075.714285714285,4863.571428571428
Gujarat,2014-12-27,4559.166666666667,5443.333333333333,5245.833333333333
Gujarat,2014-12-29,4452.5,5310.0,5105.833333333333
Gujarat,2014-12-30,4733.333333333333,5480.0,5316.333333333333
Gujarat,2014-12-31,4592.5,5322.5,5125.5
Gujarat,2015-01-01,4638.75,5680.0,5526.25
Gujarat,2015-01-13,4767.5,5335.833333333333,5065.5
Gujarat,2015-01-15,4295.833333333333,4953.333333333333,4630.5
Gujarat,2015-01-16,4794.285714285715,5624.285714285715,5352.571428571428
Gujarat,2015-01-17,4955.0,5878.75,5722.5
Gujarat,2015-01-19,4702.142857142857,5469.285714285715,5284.714285714285
Gujarat,2015-01-20,4418.333333333333,5459.166666666667,5205.0
Gujarat,2015-01-21,4733.333333333333,6210.0,6108.333333333333
Gujarat,2015-01-22,4985.0,5840.0,5622.0
Gujarat,2015-01-23,4662.5,5020.0,4825.0
Gujarat,2015-01-24,4644.0,5320.0,5212.0
Gujarat,2015-01-26,5000.0,7200.0,7200.0
Gujarat,2015-01-27,4666.666666666667,5486.666666666667,5282.5
Gujarat,2015-01-28,4675.0,5328.571428571428,5160.0
Gujarat,2015-01-29,4662.857142857143,5327.142857142857,5144.714285714285
Gujarat,2015-01-30,4535.0,4912.0,4715.0
Gujarat,2015-01-31,4655.0,5398.571428571428,5219.285714285715
Gujarat,2015-02-01,4262.0,4727.0,4496.0
Gujarat,2015-02-02,4848.0,5725.0,5474.0
Gujarat,2015-03-01,4165.0,4660.0,4407.666666666667
Gujarat,2015-03-02,4556.666666666667,4913.333333333333,4694.166666666667
Gujarat,2015-04-02,4411.666666666667,5500.833333333333,5142.5
Gujarat,2015-05-01,4507.5,5294.166666666667,5062.5
Gujarat,2015-05-02,4575.0,5290.0,5180.0
Gujarat,2015-06-01,4592.5,5459.166666666667,5217.166666666667
Gujarat,2015-06-02,4514.166666666667,5302.5,5095.0
Gujarat,2015-07-01,4600.0,5528.0,5301.0
Gujarat,2015-07-02,4601.25,5148.75,4893.25
Gujarat,2015-08-01,4481.25,5225.0,4854.375
Gujarat,2015-09-01,4756.0,5727.0,5437.6
Gujarat,2015-09-02,4770.0,5530.0,5375.0
Gujarat,2015-10-01,4685.0,5521.666666666667,5321.666666666667
Gujarat,2015-10-02,4437.5,4783.75,4610.0
Gujarat,2015-12-01,4762.142857142857,5683.571428571428,5466.428571428572
Karnataka,2014-01-02,6450.0,7400.0,6950.0
Karnataka,2014-01-03,6500.0,7600.0,7000.0
Karnataka,2014-01-04,6050.0,7250.0,6400.0
Karnataka,2014-01-07,5000.0,7500.0,6500.0
Karnataka,2014-01-08,5500.0,7200.0,6500.0
Karnataka,2014-01-09,7500.0,9000.0,7800.0
Karnataka,2014-01-12,8000.0,9200.0,8600.0
Karnataka,2014-01-13,6850.0,7950.0,7150.0
Karnataka,2014-01-16,6675.0,7725.0,7075.0
Karnataka,2014-01-17,5716.666666666667,6850.0,6067.666666666667
Karnataka,2014-01-18,6850.0,7950.0,7150.0
Karnataka,2014-01-20,6200.0,7300.0,7000.0
Karnataka,2014-01-21,5166.666666666667,6500.0,5666.666666666667
Karnataka,2014-01-22,6500.0,8000.0,7000.0
Karnataka,2014-01-23,6500.0,8400.0,7500.0
Karnataka,2014-01-24,5666.666666666667,7233.333333333333,6483.0
Karnataka,2014-01-25,6000.0,7500.0,7000.0
Karnataka,2014-01-27,6290.0,6900.0,6695.0
Karnataka,2014-01-28,6000.0,7200.0,6800.0
Karnataka,2014-01-29,6282.333333333333,7066.666666666667,6715.666666666667
Karnataka,2014-01-30,6400.0,7300.0,6900.0
Karnataka,2014-01-31,6400.0,7300.0,6900.0
Karnataka,2014-02-04,7000.0,7000.0,7000.0
Karnataka,2014-02-06,6500.0,7800.0,7000.0
Karnataka,2014-02-07,5000.0,7500.0,6500.0
Karnataka,2014-02-08,5500.0,7200.0,6500.0
Karnataka,2014-02-09,7500.0,9000.0,7800.0
Karnataka,2014-02-12,8000.0,9200.0,8600.0
Karnataka,2014-02-13,5666.666666666667,6733.333333333333,5966.666666666667
Karnataka,2014-02-14,6800.0,7600.0,7000.0
Karnataka,2014-02-15,6650.0,7600.0,7100.0
Karnataka,2014-02-17,6900.0,7800.0,7300.0
Karnataka,2014-02-18,6700.0,7650.0,7150.0
Karnataka,2014-02-19,6850.0,7350.0,7100.0
Karnataka,2014-02-20,6000.0,6733.333333333333,6300.0
Karnataka,2014-02-21,6900.0,7800.0,7300.0
Karnataka,2014-02-22,6650.0,7600.0,7100.0
Karnataka,2014-02-24,5275.0,6025.0,5525.0
Karnataka,2014-02-25,6450.0,7500.0,6900.0
Karnataka,2014-02-26,6400.0,7500.0,6950.0
Karnataka,2014-02-27,6500.0,7600.0,6900.0
Karnataka,2014-02-28,5725.0,6900.0,6177.5
Karnataka,2014-03-01,6133.333333333333,7133.333333333333,6635.333333333333
Karnataka,2014-03-02,6133.333333333333,6816.666666666667,6466.666666666667
Karnataka,2014-03-03,6500.0,7600.0,7000.0
Karnataka,2014-03-04,3000.0,4500.0,3342.0
Karnataka,2014-03-05,6500.0,8500.0,7200.0
Karnataka,2014-03-06,6500.0,7800.0,7000.0
Karnataka,2014-03-07,5000.0,7500.0,6500.0
Karnataka,2014-03-09,7500.0,9000.0,8000.0
Karnataka,2014-03-12,8000.0,8950.0,8475.0
Karnataka,2014-03-13,6800.0,7700.0,7000.0
Karnataka,2014-03-14,6300.0,7300.0,7000.0
Karnataka,2014-03-15,6300.0,7300.0,7000.0
Karnataka,2014-03-17,6300.0,7300.0,7000.0
Karnataka,2014-03-18,6300.0,7300.0,7000.0
Karnataka,2014-03-19,4766.666666666667,5600.0,5166.666666666667
Karnataka,2014-03-20,6350.0,7350.0,6950.0
Karnataka,2014-03-21,5241.5,6150.0,5591.5
Karnataka,2014-03-22,4550.0,5250.0,5050.0
Karnataka,2014-03-24,6100.0,7000.0,6600.0
Karnataka,2014-03-25,5544.5,6000.0,5794.5
Karnataka,2014-03-26,6155.5,6625.0,6405.5
Karnataka,2014-03-27,6550.0,7500.0,7050.0
Karnataka,2014-03-28,7000.0,8000.0,7500.0
Karnataka,2014-03-29,7000.0,8000.0,7500.0
Karnataka,2014-04-01,7100.0,8000.0,7600.0
Karnataka,2014-04-02,4650.0,5250.0,4950.0
Karnataka,2014-04-03,6500.0,7600.0,7000.0
Karnataka,2014-04-06,6000.0,7000.0,6500.0
Karnataka,2014-04-07,5000.0,7500.0,6500.0
Karnataka,2014-04-08,5500.0,7200.0,6500.0
Karnataka,2014-04-09,7500.0,9000.0,8000.0
Karnataka,2014-04-12,8000.0,9200.0,8600.0
Karnataka,2014-04-14,4850.0,5900.0,5450.0
Karnataka,2014-04-15,5350.0,7050.0,6350.0
Karnataka,2014-04-16,4700.0,6050.0,5459.0
Karnataka,2014-04-19,6800.0,8000.0,7200.0
Karnataka,2014-04-21,6800.0,8000.0,7200.0
Karnataka,2014-04-22,6800.0,8200.0,7500.0
Karnataka,2014-04-23,6800.0,8200.0,7500.0
Karnataka,2014-04-24,6400.0,7650.0,7150.0
Karnataka,2014-04-25,6500.0,7500.0,7000.0
Karnataka,2014-04-26,5833.333333333333,6900.0,6288.333333333333
Karnataka,2014-04-28,6250.0,7250.0,6750.0
Karnataka,2014-04-29,6500.0,8500.0,7200.0
Karnataka,2014-04-30,6150.0,7250.0,6500.0
Karnataka,2014-05-02,6500.0,7400.0,6900.0
Karnataka,2014-05-03,4950.0,5250.0,5000.0
Karnataka,2014-05-04,5550.0,6250.0,5800.0
Karnataka,2014-05-05,6050.0,7100.0,6400.0
Karnataka,2014-05-06,7000.0,8800.0,7800.0
Karnataka,2014-05-07,5000.0,7500.0,6500.0
Karnataka,2014-05-08,5500.0,7200.0,6500.0
Karnataka,2014-05-09,7500.0,9000.0,8000.0
Karnataka,2014-05-12,8000.0,9150.0,8400.0
Karnataka,2014-05-13,6500.0,8000.0,7400.0
Karnataka,2014-05-14,5500.0,6500.0,5850.0
Karnataka,2014-05-15,6250.0,7550.0,6950.0
Karnataka,2014-05-16,6500.0,8100.0,7400.0
Karnataka,2014-05-17,6500.0,8100.0,7400.0
Karnataka,2014-05-19,6000.0,7000.0,6500.0
Karnataka,2014-05-20,6250.0,7450.0,6900.0
Karnataka,2014-05-21,6500.0,8100.0,7400.0
Karnataka,2014-05-22,6500.0,8100.0,7400.0
Karnataka,2014-05-23,6250.0,7550.0,6950.0
Karnataka,2014-05-24,6250.0,7550.0,6950.0
Karnataka,2014-05-26,5950.0,6800.0,6400.0
Karnataka,2014-05-27,6250.0,7650.0,7000.0
Karnataka,2014-05-28,6500.0,7800.0,7000.0
Karnataka,2014-05-29,6500.0,7800.0,7000.0
Karnataka,2014-05-30,6500.0,7800.0,7000.0
Karnataka,2014-05-31,6250.0,7400.0,6750.0
Karnataka,2014-06-01,7000.0,8600.0,7800.0
Karnataka,2014-06-02,6500.0,7400.0,6900.0
Karnataka,2014-06-03,5300.0,6000.0,5516.666666666667
Karnataka,2014-06-05,6500.0,8500.0,7200.0
Karnataka,2014-06-06,6000.0,7400.0,6500.0
Karnataka,2014-06-08,5500.0,7200.0,6500.0
Karnataka,2014-06-11,5400.0,6500.0,5902.0
Karnataka,2014-06-12,8000.0,8950.0,8300.0
Karnataka,2014-06-13,6600.0,7500.0,7100.0
Karnataka,2014-06-16,6600.0,7500.0,7100.0
Karnataka,2014-06-17,6475.0,7000.0,6725.0
Karnataka,2014-06-18,6600.0,7500.0,7100.0
Karnataka,2014-06-19,6600.0,7500.0,7100.0
Karnataka,2014-06-20,6600.0,7500.0,7100.0
Karnataka,2014-06-21,6600.0,7500.0,7100.0
Karnataka,2014-06-23,6600.0,7500.0,7100.0
Karnataka,2014-06-24,5800.0,6475.0,6250.0
Karnataka,2014-06-25,6600.0,7500.0,7100.0
Karnataka,2014-06-26,3950.0,5200.0,4700.0
Karnataka,2014-06-27,5000.0,7500.0,6500.0
Karnataka,2014-06-28,3490.0,4766.5,4250.0
Karnataka,2014-06-30,5000.0,7500.0,6500.0
Karnataka,2014-07-01,6833.333333333333,8233.333333333334,7533.333333333333
Karnataka,2014-07-02,6500.0,7400.0,6900.0
Karnataka,2014-07-03,4850.0,5600.0,5000.0
Karnataka,2014-07-04,6100.0,7000.0,6600.0
Karnataka,2014-07-05,6500.0,8000.0,7400.0
Karnataka,2014-07-07,5000.0,7500.0,6500.0
Karnataka,2014-07-08,4440.0,4950.0,4646.0
Karnataka,2014-07-14,5000.0,7000.0,6200.0
Karnataka,2014-07-15,5491.5,6500.0,6091.5
Karnataka,2014-07-16,5000.0,6800.0,6500.0
Karnataka,2014-07-17,5000.0,6800.0,6500.0
Karnataka,2014-07-18,5000.0,6800.0,6500.0
Karnataka,2014-07-19,6000.0,7000.0,6500.0
Karnataka,2014-07-21,6200.0,7100.0,6650.0
Karnataka,2014-07-22,6200.0,7100.0,6650.0
Karnataka,2014-07-23,6000.0,7000.0,6500.0
Karnataka,2014-07-24,6000.0,7000.0,6500.0
Karnataka,2014-07-25,6000.0,7000.0,6500.0
Karnataka,2014-07-26,5950.0,7200.0,6650.0
Karnataka,2014-07-28,5500.0,7200.0,6500.0
Karnataka,2014-07-30,5500.0,7200.0,6500.0
Karnataka,2014-07-31,6375.0,6500.0,6400.0
Karnataka,2014-08-01,6750.0,8050.0,7400.0
Karnataka,2014-08-02,6500.0,7400.0,6900.0
Karnataka,2014-08-03,6800.0,7700.0,7000.0
Karnataka,2014-08-04,6200.0,7600.0,7000.0
Karnataka,2014-08-05,6250.0,7500.0,6950.0
Karnataka,2014-08-07,3627.5,4895.5,4388.5
Karnataka,2014-08-08,6600.0,7600.0,7000.0
Karnataka,2014-08-09,7750.0,9000.0,8250.0
Karnataka,2014-08-12,7200.0,7900.0,7350.0
Karnataka,2014-08-13,6700.0,7600.0,7150.0
Karnataka,2014-08-14,7000.0,8000.0,7500.0
Karnataka,2014-08-16,7025.0,7550.0,7290.0
Karnataka,2014-08-18,6866.666666666667,7566.666666666667,7166.666666666667
Karnataka,2014-08-19,6700.0,7600.0,7150.0
Karnataka,2014-08-20,6950.0,8100.0,7300.0
Karnataka,2014-08-21,6950.0,8100.0,7300.0
Karnataka,2014-08-25,6950.0,8100.0,7300.0
Karnataka,2014-08-26,7500.0,9000.0,7800.0
Karnataka,2014-08-27,7500.0,9000.0,7800.0
Karnataka,2014-08-28,7500.0,9000.0,7800.0
Karnataka,2014-08-30,8100.0,10250.0,9100.0
Karnataka,2014-09-01,7000.0,8600.0,7800.0
Karnataka,2014-09-04,6200.0,7600.0,7000.0
Karnataka,2014-09-05,5300.0,6600.0,5978.5
Karnataka,2014-09-06,6600.0,7500.0,7100.0
Karnataka,2014-09-07,5000.0,7500.0,6500.0
Karnataka,2014-09-09,7500.0,9000.0,8000.0
Karnataka,2014-09-12,8000.0,9200.0,8500.0
Karnataka,2014-09-15,7750.0,9000.0,8375.0
Karnataka,2014-09-16,7500.0,9000.0,8250.0
Karnataka,2014-09-17,7500.0,9000.0,8250.0
Karnataka,2014-09-18,7750.0,9500.0,8500.0
Karnataka,2014-09-19,7000.0,8250.0,7500.0
Karnataka,2014-09-20,8000.0,9000.0,8500.0
Karnataka,2014-09-22,8000.0,9000.0,8500.0
Karnataka,2014-09-23,8000.0,9000.0,8500.0
Karnataka,2014-09-25,8000.0,9000.0,8500.0
Karnataka,2014-09-26,6500.0,8000.0,7050.0
Karnataka,2014-09-27,8000.0,9000.0,8500.0
Karnataka,2014-09-29,6000.0,6500.0,6250.0
Karnataka,2014-09-30,6500.0,8100.0,7150.0
Karnataka,2014-10-01,5300.0,6800.0,5950.0
Karnataka,2014-10-02,6500.0,7400.0,6900.0
Karnataka,2014-10-03,6800.0,7700.0,7000.0
Karnataka,2014-10-04,6200.0,7600.0,7000.0
Karnataka,2014-10-06,6600.0,7500.0,7100.0
Karnataka,2014-10-07,5000.0,7500.0,6500.0
Karnataka,2014-10-09,7750.0,9000.0,8375.0
Karnataka,2014-10-12,8000.0,9200.0,8500.0
Karnataka,2014-10-16,8000.0,9000.0,8500.0
Karnataka,2014-10-17,8000.0,9000.0,8500.0
Karnataka,2014-10-18,8000.0,9000.0,8500.0
Karnataka,2014-10-20,8000.0,9000.0,8500.0
Karnataka,2014-10-21,8000.0,9000.0,8500.0
Karnataka,2014-10-23,8000.0,9000.0,8500.0
Karnataka,2014-10-25,8000.0,9000.0,8500.0
Karnataka,2014-10-27,8000.0,9000.0,8500.0
Karnataka,2014-10-28,7400.0,8500.0,7950.0
Karnataka,2014-10-29,8000.0,9000.0,8500.0
Karnataka,2014-10-30,8000.0,9000.0,8500.0
Karnataka,2014-10-31,7400.0,8400.0,7900.0
Karnataka,2014-11-02,6800.0,7600.0,7000.0
Karnataka,2014-11-03,6800.0,7700.0,7000.0
Karnataka,2014-11-04,6200.0,7600.0,7000.0
Karnataka,2014-11-05,4500.0,5500.0,5000.0
Karnataka,2014-11-06,6600.0,7500.0,7100.0
Karnataka,2014-11-07,5000.0,7000.0,6200.0
Karnataka,2014-11-08,6600.0,7600.0,7000.0
Karnataka,2014-11-09,7750.0,9100.0,8425.0
Karnataka,2014-11-12,7000.0,7850.0,7250.0
Karnataka,2014-11-14,2800.0,6000.0,3263.0
Karnataka,2014-11-20,3300.0,3900.0,3454.0
Karnataka,2014-11-21,1400.0,1400.0,1400.0
Karnataka,2014-12-02,5266.666666666667,5833.333333333333,5483.333333333333
Karnataka,2014-12-03,6800.0,7700.0,7000.0
Karnataka,2014-12-04,6200.0,7600.0,7000.0
Karnataka,2014-12-05,6500.0,8000.0,7400.0
Karnataka,2014-12-06,6600.0,7500.0,7100.0
Karnataka,2014-12-08,6600.0,7600.0,7000.0
Karnataka,2014-12-09,7500.0,9000.0,8250.0
Karnataka,2014-12-12,7000.0,8500.0,7500.0
Karnataka,2014-12-15,7000.0,8500.0,7500.0
Karnataka,2014-12-16,7250.0,8500.0,7750.0
Karnataka,2014-12-17,6500.0,7866.666666666667,7050.0
Karnataka,2014-12-18,8000.0,9200.0,8300.0
Karnataka,2014-12-19,8000.0,9200.0,8300.0
Karnataka,2014-12-20,6500.0,8600.0,7150.0
Karnataka,2014-12-22,7187.0,7850.0,7337.0
Karnataka,2014-12-23,7360.666666666667,8100.0,7660.666666666667
Karnataka,2014-12-24,6570.0,8550.0,7486.666666666667
Karnataka,2014-12-26,7750.0,8850.0,8200.0
Karnataka,2014-12-27,7750.0,8850.0,8200.0
Karnataka,2014-12-29,8000.0,9200.0,8400.0
Karnataka,2014-12-30,7025.0,7650.0,7225.0
Karnataka,2014-12-31,6625.0,7350.0,6825.0
Karnataka,2015-01-01,5750.0,6750.0,6200.0
Karnataka,2015-01-13,6361.5,6900.0,6461.5
Karnataka,2015-01-14,6965.0,8100.0,7615.0
Karnataka,2015-01-16,7200.0,9200.0,8500.0
Karnataka,2015-01-17,8000.0,9100.0,8400.0
Karnataka,2015-01-19,7243.5,7800.0,7443.5
Karnataka,2015-01-20,6833.333333333333,7533.333333333333,7133.333333333333
Karnataka,2015-01-21,8000.0,9100.0,8400.0
Karnataka,2015-01-22,8000.0,9050.0,8450.0
Karnataka,2015-01-23,7200.0,9000.0,8500.0
Karnataka,2015-01-24,7200.0,9000.0,8500.0
Karnataka,2015-01-26,2000.0,2600.0,2300.0
Karnataka,2015-01-27,7600.0,9000.0,8500.0
Karnataka,2015-01-28,7600.0,9000.0,8500.0
Karnataka,2015-01-29,5189.333333333333,5800.0,5622.666666666667
Karnataka,2015-01-30,6100.0,7000.0,6750.0
Karnataka,2015-01-31,5850.0,6750.0,6500.0
Karnataka,2015-02-01,7243.5,8000.0,7493.5
Karnataka,2015-03-01,8000.0,9500.0,8500.0
Karnataka,2015-05-01,6500.0,7250.0,6750.0
Karnataka,2015-06-01,7350.0,7900.0,7450.0
Karnataka,2015-07-01,8500.0,9300.0,8700.0
Karnataka,2015-08-01,8500.0,9300.0,8700.0
Karnataka,2015-12-01,6250.0,6650.0,6350.0
Orissa,2014-01-01,3500.0,4000.0,4000.0
Orissa,2014-01-04,5000.0,5500.0,5500.0
Orissa,2014-01-05,5000.0,5500.0,5500.0
Orissa,2014-01-06,5200.0,5800.0,5800.0
Orissa,2014-01-07,5000.0,5500.0,5500.0
Orissa,2014-01-08,5000.0,6000.0,6000.0
Orissa,2014-01-09,6500.0,7500.0,7500.0
Orissa,2014-02-04,5000.0,5400.0,5250.0
Orissa,2014-02-05,5000.0,5500.0,5500.0
Orissa,2014-02-06,5200.0,5800.0,5800.0
Orissa,2014-02-07,4800.0,5000.0,5000.0
Orissa,2014-02-08,5000.0,6000.0,6000.0
Orissa,2014-02-10,6000.0,8000.0,8000.0
Orissa,2014-03-04,5000.0,5500.0,5500.0
Orissa,2014-03-05,5000.0,5500.0,5500.0
Orissa,2014-03-06,5200.0,6000.0,6000.0
Orissa,2014-03-07,4800.0,5000.0,5000.0
Orissa,2014-03-08,5500.0,6000.0,6000.0
Orissa,2014-03-30,5000.0,5200.0,5200.0
Orissa,2014-03-31,5000.0,5400.0,5400.0
Orissa,2014-04-04,5000.0,5500.0,5500.0
Orissa,2014-04-05,5500.0,6100.0,6100.0
Orissa,2014-04-06,5200.0,5800.0,5800.0
Orissa,2014-04-07,4800.0,5200.0,5000.0
Orissa,2014-04-09,6000.0,7000.0,7000.0
Orissa,2014-04-13,5000.0,5800.0,5500.0
Orissa,2014-04-14,5000.0,6000.0,5500.0
Orissa,2014-04-15,5500.0,6000.0,5800.0
Orissa,2014-04-16,5000.0,5500.0,5500.0
Orissa,2014-04-17,5000.0,5800.0,5500.0
Orissa,2014-04-18,5500.0,5800.0,5800.0
Orissa,2014-04-19,5000.0,5600.0,5600.0
Orissa,2014-04-20,5000.0,5800.0,5600.0
Orissa,2014-04-21,4800.0,5200.0,5000.0
Orissa,2014-04-22,5000.0,5500.0,5500.0
Orissa,2014-04-23,5000.0,5600.0,5600.0
Orissa,2014-04-24,5000.0,5500.0,5300.0
Orissa,2014-04-25,5000.0,5500.0,5500.0
Orissa,2014-04-27,4800.0,5200.0,5000.0
Orissa,2014-04-28,5000.0,5500.0,5500.0
Orissa,2014-04-30,5000.0,5500.0,5500.0
Orissa,2014-05-04,5000.0,5500.0,5500.0
Orissa,2014-05-05,4800.0,5200.0,5200.0
Orissa,2014-05-06,5200.0,5800.0,5800.0
Orissa,2014-05-07,5000.0,6000.0,6000.0
Orissa,2014-05-09,6000.0,7000.0,7000.0
Orissa,2014-05-13,5000.0,5500.0,5500.0
Orissa,2014-05-14,5500.0,5800.0,5800.0
Orissa,2014-05-15,5200.0,5700.0,5700.0
Orissa,2014-05-16,5500.0,5800.0,5800.0
Orissa,2014-05-17,5000.0,5800.0,5800.0
Orissa,2014-05-18,5000.0,5700.0,5700.0
Orissa,2014-05-19,5000.0,5700.0,5700.0
Orissa,2014-05-20,5000.0,5700.0,5700.0
Orissa,2014-05-21,5200.0,6000.0,5800.0
Orissa,2014-05-22,5000.0,5600.0,5600.0
Orissa,2014-05-23,5200.0,5800.0,5800.0
Orissa,2014-05-24,5200.0,5800.0,5800.0
Orissa,2014-05-25,5200.0,5800.0,5800.0
Orissa,2014-05-26,5200.0,5800.0,5800.0
Orissa,2014-05-27,5200.0,5800.0,5800.0
Orissa,2014-05-28,5200.0,5800.0,5800.0
Orissa,2014-05-30,5200.0,5800.0,5800.0
Orissa,2014-05-31,5200.0,6000.0,5800.0
Orissa,2014-06-04,5000.0,5500.0,5500.0
Orissa,2014-06-05,4800.0,5000.0,5000.0
Orissa,2014-06-06,5200.0,5800.0,5800.0
Orissa,2014-06-07,5000.0,6000.0,5500.0
Orissa,2014-06-09,6000.0,7000.0,7000.0
Orissa,2014-06-13,5500.0,6000.0,6000.0
Orissa,2014-06-14,5500.0,6000.0,6000.0
Orissa,2014-06-15,5500.0,6000.0,6000.0
Orissa,2014-06-16,5500.0,6000.0,6000.0
Orissa,2014-06-17,5500.0,6000.0,6000.0
Orissa,2014-06-18,5200.0,6000.0,6000.0
Orissa,2014-06-19,5500.0,6000.0,6000.0
Orissa,2014-06-20,5500.0,6000.0,6000.0
Orissa,2014-06-21,6000.0,6500.0,6500.0
Orissa,2014-06-22,5200.0,6000.0,6000.0
Orissa,2014-06-23,5500.0,6500.0,6000.0
Orissa,2014-06-24,5500.0,6000.0,6000.0
Orissa,2014-06-26,5000.0,5500.0,5500.0
Orissa,2014-06-27,5000.0,5500.0,5500.0
Orissa,2014-06-28,5000.0,5500.0,5500.0
Orissa,2014-07-04,5000.0,5500.0,5500.0
Orissa,2014-07-05,4800.0,5500.0,5300.0
Orissa,2014-07-06,5200.0,5800.0,5800.0
Orissa,2014-07-07,5000.0,6000.0,5500.0
Orissa,2014-07-09,6000.0,7000.0,7000.0
Orissa,2014-07-13,5000.0,6000.0,5500.0
Orissa,2014-07-14,5000.0,5500.0,5500.0
Orissa,2014-07-16,5000.0,5500.0,5500.0
Orissa,2014-07-17,5000.0,5700.0,5700.0
Orissa,2014-07-18,5000.0,5500.0,5500.0
Orissa,2014-07-19,5000.0,5500.0,5500.0
Orissa,2014-07-20,5000.0,6000.0,5500.0
Orissa,2014-07-23,5000.0,6000.0,5500.0
Orissa,2014-07-24,5000.0,6000.0,5500.0
Orissa,2014-07-25,5500.0,6000.0,5938.0
Orissa,2014-07-26,5000.0,6000.0,5500.0
Orissa,2014-07-27,5000.0,6000.0,6000.0
Orissa,2014-07-28,5000.0,6000.0,6000.0
Orissa,2014-07-29,5000.0,6000.0,6000.0
Orissa,2014-07-31,5000.0,6000.0,6000.0
Orissa,2014-08-04,5000.0,5500.0,5500.0
Orissa,2014-08-05,4000.0,4500.0,4500.0
Orissa,2014-08-06,5200.0,5800.0,5800.0
Orissa,2014-08-07,5000.0,6000.0,5500.0
Orissa,2014-08-09,6000.0,7000.0,7000.0
Orissa,2014-08-14,6000.0,7000.0,7000.0
Orissa,2014-08-15,6000.0,7000.0,7000.0
Orissa,2014-08-16,6000.0,7000.0,7000.0
Orissa,2014-08-17,6000.0,7000.0,7000.0
Orissa,2014-08-18,6000.0,7000.0,7000.0
Orissa,2014-08-20,6000.0,7000.0,7000.0
Orissa,2014-08-21,6000.0,7000.0,7000.0
Orissa,2014-08-23,6000.0,7000.0,7000.0
Orissa,2014-08-24,6200.0,7000.0,7000.0
Orissa,2014-09-04,5000.0,5500.0,5500.0
Orissa,2014-09-05,4000.0,4500.0,4500.0
Orissa,2014-09-06,5200.0,6000.0,5800.0
Orissa,2014-09-07,5000.0,6000.0,5500.0
Orissa,2014-09-08,2800.0,3500.0,3000.0
Orissa,2014-09-09,6000.0,7000.0,7000.0
Orissa,2014-09-13,6000.0,7000.0,7000.0
Orissa,2014-09-14,6000.0,7000.0,7000.0
Orissa,2014-09-15,6000.0,7000.0,7000.0
Orissa,2014-09-16,6000.0,7000.0,7000.0
Orissa,2014-09-17,6000.0,7000.0,7000.0
Orissa,2014-09-18,6000.0,7000.0,7000.0
Orissa,2014-09-19,6000.0,7000.0,7000.0
Orissa,2014-09-20,6000.0,7000.0,7000.0
Orissa,2014-09-21,6000.0,7000.0,7000.0
Orissa,2014-09-22,6000.0,7000.0,7000.0
Orissa,2014-09-23,6000.0,7000.0,7000.0
Orissa,2014-09-24,6000.0,7000.0,7000.0
Orissa,2014-09-25,6000.0,7000.0,7000.0
Orissa,2014-09-26,6000.0,7000.0,7000.0
Orissa,2014-09-27,6000.0,7000.0,7000.0
Orissa,2014-09-28,6000.0,7000.0,7000.0
Orissa,2014-09-29,6000.0,7000.0,7000.0
Orissa,2014-09-30,6000.0,7000.0,7000.0
Orissa,2014-10-04,5000.0,5500.0,5500.0
Orissa,2014-10-05,4800.0,5000.0,5000.0
Orissa,2014-10-06,5200.0,6000.0,5800.0
Orissa,2014-10-07,5000.0,6000.0,5500.0
Orissa,2014-10-08,2800.0,3500.0,3000.0
Orissa,2014-10-09,6000.0,7000.0,7000.0
Orissa,2014-10-19,4000.0,4000.0,4000.0
Orissa,2014-11-04,5000.0,5500.0,5200.0
Orissa,2014-11-05,5000.0,5500.0,5500.0
Orissa,2014-11-06,6000.0,6500.0,6500.0
Orissa,2014-11-07,5000.0,6000.0,6000.0
Orissa,2014-11-08,2800.0,3200.0,3000.0
Orissa,2014-11-09,6000.0,7000.0,7000.0
Orissa,2014-12-04,5000.0,5500.0,5300.0
Orissa,2014-12-05,5000.0,5500.0,5500.0
Orissa,2014-12-06,6000.0,6500.0,6500.0
Orissa,2014-12-07,5000.0,6000.0,5500.0
Orissa,2014-12-08,2800.0,3500.0,3000.0
Orissa,2014-12-09,6000.0,7000.0,7000.0
Orissa,2015-01-23,8000.0,8400.0,8200.0
Pondicherry,2014-10-09,4053.0,4348.0,4200.0
Rajasthan,2014-01-01,3600.0,3700.0,3650.0
Rajasthan,2014-01-03,3300.0,4000.0,3650.0
Rajasthan,2014-01-13,3300.0,3500.0,3400.0
Rajasthan,2014-01-14,3400.0,3500.0,3450.0
Rajasthan,2014-01-15,3400.0,3500.0,3450.0
Rajasthan,2014-01-16,3400.0,3500.0,3450.0
Rajasthan,2014-01-17,3300.0,3500.0,3400.0
Rajasthan,2014-01-19,3500.0,3600.0,3550.0
Rajasthan,2014-01-20,3500.0,3600.0,3550.0
Rajasthan,2014-01-21,3300.0,3500.0,3400.0
Rajasthan,2014-01-23,3300.0,3400.0,3350.0
Rajasthan,2014-01-24,3300.0,3400.0,3350.0
Rajasthan,2014-01-25,3300.0,3400.0,3350.0
Rajasthan,2014-01-27,3300.0,3400.0,3350.0
Rajasthan,2014-01-30,2700.0,3000.0,2850.0
Rajasthan,2014-02-01,3600.0,3700.0,3650.0
Rajasthan,2014-02-02,3400.0,3500.0,3450.0
Rajasthan,2014-02-05,3000.0,3200.0,3100.0
Rajasthan,2014-02-13,3500.0,4000.0,3750.0
Rajasthan,2014-02-14,3500.0,4000.0,3750.0
Rajasthan,2014-02-15,3500.0,4000.0,3750.0
Rajasthan,2014-02-16,3500.0,4000.0,3750.0
Rajasthan,2014-02-17,3500.0,4000.0,3750.0
Rajasthan,2014-02-18,3500.0,4000.0,3750.0
Rajasthan,2014-02-19,3500.0,4000.0,3750.0
Rajasthan,2014-02-21,3500.0,4000.0,3750.0
Rajasthan,2014-02-22,3400.0,4000.0,3700.0
Rajasthan,2014-02-23,3400.0,4000.0,3700.0
Rajasthan,2014-02-25,3400.0,4000.0,3700.0
Rajasthan,2014-02-26,3500.0,4000.0,3750.0
Rajasthan,2014-02-27,3500.0,4000.0,3650.0
Rajasthan,2014-02-28,3500.0,4000.0,3650.0
Rajasthan,2014-04-02,3400.0,3500.0,3450.0
Rajasthan,2014-04-03,3200.0,4000.0,3600.0
Rajasthan,2014-05-01,3600.0,3700.0,3650.0
Rajasthan,2014-05-03,3200.0,4000.0,3600.0
Rajasthan,2014-06-03,3200.0,4000.0,3600.0
Rajasthan,2014-07-02,2800.0,3400.0,3100.0
Rajasthan,2014-07-03,3200.0,4000.0,3600.0
Rajasthan,2014-07-25,3400.0,3500.0,3450.0
Rajasthan,2014-08-03,3200.0,4000.0,3600.0
Rajasthan,2014-08-14,3000.0,3500.0,3250.0
Rajasthan,2014-09-02,3500.0,4000.0,3750.0
Rajasthan,2014-09-03,3200.0,4000.0,3600.0
Rajasthan,2014-10-01,3400.0,3500.0,3450.0
Rajasthan,2014-10-02,3500.0,4000.0,3750.0
Rajasthan,2014-10-03,3200.0,4000.0,3600.0
Rajasthan,2014-11-01,3300.0,3500.0,3400.0
Rajasthan,2014-11-02,3500.0,4000.0,3750.0
Rajasthan,2014-12-02,3500.0,4000.0,3750.0
Rajasthan,2015-01-02,4500.0,4800.0,4650.0
Rajasthan,2015-01-13,4400.0,4600.0,4500.0
Rajasthan,2015-01-14,4600.0,4700.0,4650.0
Rajasthan,2015-02-01,4000.0,4300.0,4150.0
Rajasthan,2015-06-01,4000.0,4500.0,4250.0
Rajasthan,2015-08-01,4200.0,4400.0,4300.0
Rajasthan,2015-10-02,4000.0,4400.0,4200.0
Tamil Nadu,2014-01-07,5000.0,5625.0,5375.0
Tamil Nadu,2014-01-09,4500.0,4800.0,4600.0
Tamil Nadu,2014-01-10,5386.875,6156.875,5886.875
Tamil Nadu,2014-01-12,4105.75,5284.0,4779.25
Tamil Nadu,2014-02-04,4650.0,5400.0,5000.0
Tamil Nadu,2014-02-09,4500.0,5600.0,4900.0
Tamil Nadu,2014-02-12,4245.4,5585.6,4781.0
Tamil Nadu,2014-02-13,5000.0,5313.0,5156.0
Tamil Nadu,2014-02-14,5000.0,5313.0,5156.0
Tamil Nadu,2014-02-17,5000.0,5313.0,5156.0
Tamil Nadu,2014-02-18,5000.0,5313.0,5156.0
Tamil Nadu,2014-02-20,5000.0,5313.0,5156.0
Tamil Nadu,2014-02-21,5000.0,5313.0,5156.0
Tamil Nadu,2014-02-24,5000.0,5313.0,5156.0
Tamil Nadu,2014-02-25,5000.0,5313.0,2578.0
Tamil Nadu,2014-02-26,5000.0,5313.0,5156.0
Tamil Nadu,2014-02-27,5000.0,5625.0,5313.0
Tamil Nadu,2014-02-28,5000.0,5625.0,5313.0
Tamil Nadu,2014-03-03,5000.0,5625.0,5313.0
Tamil Nadu,2014-03-09,4500.0,5600.0,4900.0
Tamil Nadu,2014-03-11,4755.5,5618.0,5189.5
Tamil Nadu,2014-03-12,4124.666666666667,5330.333333333333,4793.0
Tamil Nadu,2014-03-13,5000.0,5625.0,5313.0
Tamil Nadu,2014-03-17,4750.0,5250.0,5000.0
Tamil Nadu,2014-03-19,5000.0,5200.0,0.0
Tamil Nadu,2014-03-20,4375.0,5000.0,4655.0
Tamil Nadu,2014-03-21,4380.0,5000.0,4670.0
Tamil Nadu,2014-04-03,5000.0,5625.0,5313.0
Tamil Nadu,2014-04-04,4680.0,5430.0,5000.0
Tamil Nadu,2014-04-08,5000.0,5250.0,5125.0
Tamil Nadu,2014-04-09,4500.0,5600.0,4900.0
Tamil Nadu,2014-04-12,4289.5,4992.0,4575.25
Tamil Nadu,2014-04-15,4680.0,5000.0,4685.0
Tamil Nadu,2014-05-03,4500.0,4750.0,4625.0
Tamil Nadu,2014-05-08,5000.0,5250.0,5125.0
Tamil Nadu,2014-05-09,4500.0,5600.0,4900.0
Tamil Nadu,2014-05-11,5317.5,5700.0,5457.5
Tamil Nadu,2014-05-12,4412.5,5106.5,4661.5
Tamil Nadu,2014-06-08,5000.0,5250.0,5125.0
Tamil Nadu,2014-06-11,5400.0,5700.0,5560.0
Tamil Nadu,2014-06-12,4750.0,5250.0,5000.0
Tamil Nadu,2014-06-16,5250.0,6625.0,6000.0
Tamil Nadu,2014-06-18,5250.0,5325.0,5313.0
Tamil Nadu,2014-06-19,5250.0,5500.0,5300.0
Tamil Nadu,2014-06-24,5000.0,5625.0,5375.0
Tamil Nadu,2014-06-26,5000.0,5625.0,5375.0
Tamil Nadu,2014-06-30,5000.0,5625.0,5375.0
Tamil Nadu,2014-07-02,5188.0,5313.0,5250.0
Tamil Nadu,2014-07-03,4500.0,4750.0,4625.0
Tamil Nadu,2014-07-04,4680.0,5430.0,5000.0
Tamil Nadu,2014-07-07,5125.0,5375.0,5250.0
Tamil Nadu,2014-07-08,5000.0,5250.0,5125.0
Tamil Nadu,2014-07-10,5525.0,5915.0,5718.75
Tamil Nadu,2014-07-11,4570.5,5750.0,5006.0
Tamil Nadu,2014-07-14,4875.0,5125.0,5000.0
Tamil Nadu,2014-07-15,4875.0,5125.0,5000.0
Tamil Nadu,2014-07-17,4875.0,5125.0,5000.0
Tamil Nadu,2014-07-18,4875.0,5125.0,5000.0
Tamil Nadu,2014-07-21,4875.0,5125.0,5000.0
Tamil Nadu,2014-07-22,4875.0,5125.0,5000.0
Tamil Nadu,2014-07-23,4875.0,5125.0,5000.0
Tamil Nadu,2014-07-24,4875.0,5125.0,5000.0
Tamil Nadu,2014-07-29,6000.0,6250.0,6125.0
Tamil Nadu,2014-07-30,4875.0,5125.0,5000.0
Tamil Nadu,2014-08-04,4680.0,5430.0,5100.0
Tamil Nadu,2014-08-07,5125.0,5375.0,5250.0
Tamil Nadu,2014-08-09,5375.0,6175.0,5700.0
Tamil Nadu,2014-08-10,5438.125,5968.75,5787.5
Tamil Nadu,2014-08-12,4299.5,5147.75,4800.5
Tamil Nadu,2014-08-13,4625.0,5125.0,4850.0
Tamil Nadu,2014-08-14,4625.0,5125.0,4850.0
Tamil Nadu,2014-08-16,3000.0,3500.0,3200.0
Tamil Nadu,2014-08-18,4625.0,5125.0,4850.0
Tamil Nadu,2014-08-19,4625.0,5125.0,4850.0
Tamil Nadu,2014-08-20,4625.0,5125.0,4850.0
Tamil Nadu,2014-08-21,4625.0,5125.0,4850.0
Tamil Nadu,2014-08-22,5300.0,5800.0,5507.5
Tamil Nadu,2014-08-23,5300.0,5800.0,5507.5
Tamil Nadu,2014-08-25,5300.0,5800.0,5510.0
Tamil Nadu,2014-08-26,5300.0,5800.0,5507.5
Tamil Nadu,2014-08-27,5300.0,5800.0,5507.5
Tamil Nadu,2014-08-28,4862.5,5187.5,4975.0
Tamil Nadu,2014-08-30,3100.0,3500.0,3200.0
Tamil Nadu,2014-09-09,5250.0,5925.0,5512.5
Tamil Nadu,2014-09-10,5399.375,6053.75,5780.625
Tamil Nadu,2014-09-12,4076.6,4877.0,4529.6
Tamil Nadu,2014-09-13,4500.0,5600.0,4900.0
Tamil Nadu,2014-09-15,5250.0,5925.0,5512.5
Tamil Nadu,2014-09-16,4500.0,5600.0,4900.0
Tamil Nadu,2014-09-17,5250.0,5925.0,5512.5
Tamil Nadu,2014-09-18,5250.0,5925.0,5512.5
Tamil Nadu,2014-09-19,5250.0,5925.0,5512.5
Tamil Nadu,2014-09-20,5800.0,6000.0,5900.0
Tamil Nadu,2014-09-22,5250.0,5925.0,5512.5
Tamil Nadu,2014-09-23,5250.0,5925.0,5510.0
Tamil Nadu,2014-09-24,6000.0,6250.0,6120.0
Tamil Nadu,2014-09-25,6250.0,6750.0,6500.0
Tamil Nadu,2014-09-27,6000.0,6250.0,6125.0
Tamil Nadu,2014-09-29,6000.0,6250.0,6125.0
Tamil Nadu,2014-09-30,6000.0,6250.0,6125.0
Tamil Nadu,2014-10-02,4375.0,5000.0,4688.0
Tamil Nadu,2014-10-04,4680.0,5430.0,5000.0
Tamil Nadu,2014-10-09,6000.0,6250.0,6125.0
Tamil Nadu,2014-10-10,5562.5,6188.125,5938.125
Tamil Nadu,2014-10-11,4484.333333333333,5297.0,4943.666666666667
Tamil Nadu,2014-10-12,4276.25,5112.5,4850.0
Tamil Nadu,2014-10-13,5314.0,6047.5,5805.5
Tamil Nadu,2014-10-14,5418.0,6147.5,5872.5
Tamil Nadu,2014-10-15,5196.333333333333,5798.666666666667,5577.666666666667
Tamil Nadu,2014-10-16,5569.5,6291.5,5964.5
Tamil Nadu,2014-10-17,4813.0,6374.0,6085.0
Tamil Nadu,2014-10-18,5625.0,6250.0,5950.0
Tamil Nadu,2014-10-20,4933.333333333333,5681.0,5386.0
Tamil Nadu,2014-10-21,5618.0,6124.5,5900.0
Tamil Nadu,2014-10-23,4813.0,6374.0,6086.0
Tamil Nadu,2014-10-27,4713.0,6045.0,5708.0
Tamil Nadu,2014-10-28,4349.0,6024.0,5578.0
Tamil Nadu,2014-10-29,4624.0,6106.0,5733.0
Tamil Nadu,2014-10-30,4287.75,5193.75,4884.75
Tamil Nadu,2014-10-31,4847.666666666667,5841.333333333333,5455.666666666667
Tamil Nadu,2014-11-03,4500.0,5000.0,4750.0
Tamil Nadu,2014-11-08,4625.0,5125.0,4850.0
Tamil Nadu,2014-11-09,6000.0,6250.0,6100.0
Tamil Nadu,2014-11-10,5625.0,6250.0,5950.0
Tamil Nadu,2014-11-11,4725.0,5250.0,5040.0
Tamil Nadu,2014-11-12,4257.25,5014.25,4708.25
Tamil Nadu,2014-11-13,4307.0,4574.5,4514.5
Tamil Nadu,2014-11-14,4487.5,5247.5,4890.0
Tamil Nadu,2014-11-17,4100.0,5000.0,4841.0
Tamil Nadu,2014-11-18,4012.0,4800.0,4343.5
Tamil Nadu,2014-11-19,3975.0,4750.0,4512.0
Tamil Nadu,2014-11-20,3985.0,4750.0,4340.0
Tamil Nadu,2014-11-21,4421.333333333333,5521.333333333333,4823.0
Tamil Nadu,2014-11-24,4623.666666666667,5400.0,4861.0
Tamil Nadu,2014-11-25,4170.333333333333,5275.0,4722.0
Tamil Nadu,2014-11-26,4300.5,5250.0,4737.0
Tamil Nadu,2014-11-27,4336.666666666667,5116.666666666667,4796.666666666667
Tamil Nadu,2014-11-28,4231.0,5129.0,4846.333333333333
Tamil Nadu,2014-12-02,5000.0,5313.0,5156.0
Tamil Nadu,2014-12-03,4500.0,4750.0,4625.0
Tamil Nadu,2014-12-08,6250.0,6750.0,6500.0
Tamil Nadu,2014-12-09,4500.0,5600.0,4900.0
Tamil Nadu,2014-12-11,4030.0,5066.666666666667,4693.333333333333
Tamil Nadu,2014-12-12,4460.75,5127.5,4769.0
Tamil Nadu,2014-12-13,4750.0,5250.0,5000.0
Tamil Nadu,2014-12-15,4279.25,5076.5,4723.25
Tamil Nadu,2014-12-16,4315.4,5034.0,4659.2
Tamil Nadu,2014-12-17,4297.5,4981.75,4617.5
Tamil Nadu,2014-12-18,4135.6,5043.0,4556.6
Tamil Nadu,2014-12-19,4257.4,4174.4,3737.0
Tamil Nadu,2014-12-22,4250.0,4776.333333333333,4447.666666666667
Tamil Nadu,2014-12-23,3817.2,4489.6,4038.6
Tamil Nadu,2014-12-24,3869.1666666666665,4591.5,4147.166666666667
Tamil Nadu,2014-12-25,3800.0,3995.0,3910.0
Tamil Nadu,2014-12-26,4067.0,4581.25,4276.5
Tamil Nadu,2014-12-27,3800.0,4000.0,3900.0
Tamil Nadu,2014-12-29,4285.0,5049.0,4644.0
Tamil Nadu,2014-12-30,4065.4,4647.4,4336.4
Tamil Nadu,2014-12-31,4052.8,4803.0,4369.0
Tamil Nadu,2015-01-28,4800.0,5200.0,5000.0
Tamil Nadu,2015-02-02,4405.666666666667,5413.666666666667,4825.666666666667
Tamil Nadu,2015-03-02,3919.0,5037.5,4552.0
Tamil Nadu,2015-04-02,4096.0,4934.333333333333,4715.333333333333
Tamil Nadu,2015-05-02,4586.0,5779.5,5390.5
Tamil Nadu,2015-06-02,4670.5,5817.5,5427.5
Tamil Nadu,2015-09-02,4481.333333333333,5413.333333333333,5067.0
Telangana,2014-02-04,3550.0,3550.0,3550.0
Telangana,2014-03-14,3621.0,3621.0,3621.0
Telangana,2014-03-18,2800.0,3330.0,3000.0
Telangana,2014-03-21,2900.0,3450.0,3100.0
Telangana,2014-04-04,3400.0,3400.0,3400.0
Telangana,2014-08-03,2950.0,3350.0,3000.0
Telangana,2014-08-22,4850.0,5100.0,5050.0
Telangana,2014-11-03,3000.0,3800.0,3200.0
Telangana,2014-12-03,3000.0,3280.0,3100.0
